id,employee_id,username,first_name,last_name,email,password_plain,password_md5,password_sha256_salted,salt,role,department,phone,city,is_active,email_verified,two_factor_enabled,created_at,last_login
1,NX00001,nicolas.guerin,Nicolas,Guérin,nicolas.guerin@nexlink.fr,User242!,b2a9568a5e07f49122bf07886c40e1ae,7f99df3533e7856f7db764c09c9d78bb26566168bc94ee147898596e09cd613c,b8d3d51a6f7ab122,admin,Marketing,+33614265799,Paris,True,True,False,2022-04-24,2023-08-05
2,NX00002,charles.dupont,Charles,Dupont,charles.dupont@nexlink.fr,P@ssw0rd63,bffb2a6713ed17aff3e647491a399fd2,6b302464a8135b0d34770d6fead4fae3fa384f6f3974b4f2bf441b5e0d7afd57,64614d18a3bde17a,user,Legal,+33610872248,Rouen,True,False,False,2022-04-21,2023-05-23
3,NX00003,cecile.fournier,Cécile,Fournier,cecile.fournier@nexlink.fr,Michael444!,cf06d7517c7f897b781d82bebaca3244,ca2659420d13f3b721927e15d59e1c353de952a7b5e455122c0667c34f919a57,e233576c28f0b0f9,user,IT,+33656164955,Rennes,True,True,True,2019-07-18,2023-07-03
4,NX00004,isabelle.david,Isabelle,David,isabelle.david@nexlink.fr,passwordmaster38,cf90b99c4e94ed1bc2f2e8f87256b4b1,a3c88acaac58e0f75cad6c194b18cf00f9685193c64ef763c534d38d02c15756,afd49c5ff8a315de,user,R&D,+33619335534,Paris,True,True,False,2020-01-29,2023-12-27
5,NX00005,robin.lefebvre,Robin,Lefebvre,robin.lefebvre@nexlink.fr,123dragon82,ae7d1f446c33cde62fd52925890d61b0,0ec23a6718133831d2bbb5785968ae0aaeae31691275ea0d006db92a27dee265,b744db0e3baccbfb,user,Finance,+33638119557,Montpellier,True,False,True,2021-01-28,2023-07-01
6,NX00006,patrick.girard,Patrick,Girard,patrick.girard@nexlink.fr,P@ssw0rd41,a7b698afc9abaca6c1d51013da40e0a3,c7e4756082abd9387cfba74b70a2374a9760a2501a0ba62270717d26d8a95e11,7102ee0a5af422c5,user,Legal,+33695899313,Nice,True,False,False,2021-02-16,2023-05-19
7,NX00007,david.robert,David,Robert,david.robert@nexlink.fr,Nexlink7572!,527f0e558a54de85df865ae785396dec,248899c9aa8de90b973fa63dfc0f894a22c0d16d95234bcbb65c8288ff2aa903,fa6706ca1349a082,user,Marketing,+33652235350,Bordeaux,False,True,True,2020-03-08,2023-10-18
8,NX00008,manon.rousseau,Manon,Rousseau,manon.rousseau@nexlink.fr,User862*,d9c321c126d16cf3dba47653a61658c4,3d4c5f3b77f4aa3943e976d11c490bb1957ebf4baa570779cdfe75667aceddbf,6cc861fc2febf361,admin,Sales,+33688320463,Strasbourg,True,True,False,2022-04-12,2023-08-08
9,NX00009,laura.petit,Laura,Petit,laura.petit@nexlink.fr,202390,cc2de646005d79c76ce67733f73e20d9,b9736061bf151de4c9e391e3875375b7b3fce793dfa6b3b3cdf0e39b4dcbf14b,68e0fb48eb5c7e7b,user,Communication,+33690048665,Lyon,False,True,True,2022-10-25,2023-08-05
10,NX00010,anne.faure,Anne,Faure,anne.faure@nexlink.fr,P@ssw0rd11,0d99c859d723472e648fea19f8b37637,116afee6256ff242b4a85f0a11ec8f62f0b012bbcc343449ddf36889d0ece342,9dbbe5fb9ced61ea,user,Management,+33696028436,Nantes,True,True,False,2022-01-04,2023-05-17
11,NX00011,adrien.martin,Adrien,Martin,adrien.martin@nexlink.fr,Nexlink9201!,b392ee722ac60020b978b1c8cd68fce3,e2180a307d9246414ae65eb8729daa1abcca6420e0f5d7da8649070d0e82a3ad,802e5bb5272d14f9,user,Operations,+33650056581,Reims,True,True,False,2019-08-06,2023-11-17
12,NX00012,paul.noel,Paul,Noel,paul.noel@nexlink.fr,iloveyou51,a73293b7d271ba6b05cf263c438530ba,bff2f42ec4a5e41afe03214ff22c76f31a4a48b93bd629cd663d2da16f8f56b3,0932cfee969eceea,manager,Engineering,+33651273847,Bordeaux,True,True,True,2019-08-18,2023-07-05
13,NX00013,francois.roy,François,Roy,francois.roy@nexlink.fr,michael78,a07a7765b6ce9ce764bd6444bcc8b468,7133f1bc0a02c08a93b0e9f7b34734ea24ed347172f851355fd82a4feac65058,a2d95c63f62183c3,user,Finance,+33683793389,Marseille,True,False,True,2022-09-13,2023-09-01
14,NX00014,pauline.riviere,Pauline,Rivière,pauline.riviere@nexlink.fr,Shadow419$,22fa5dcc43e15365a342c1fc734d9b58,27d64af949917a45ef92b10e89ee600dff0d269e077c8e47b85ccab5f1b41d46,81acf95bc3dd3f27,user,Legal,+33626240908,Bordeaux,True,True,False,2021-11-25,2023-08-20
15,NX00015,philippe.arnaud,Philippe,Arnaud,philippe.arnaud@nexlink.fr,Access325!,0fdc5a11db706ceb8f8d60356adecc8e,d16a207f7011363725687e69016c7a72365a6ee81d59ff25fd32a0526d8c66ce,643e2f24dd6b3884,user,Accounting,+33640728046,Lyon,True,True,False,2022-07-16,2023-01-31
16,NX00016,quentin.roy,Quentin,Roy,quentin.roy@nexlink.fr,Master235*,0f3dec26634a916589d918078bfb9ee5,dcd6dfce29eab0e80f19ad48984c637be0fee4e7b40b19a0f9c7361c4571a943,37661d65ad60ad15,manager,HR,+33635556386,Lyon,True,False,False,2021-08-26,2023-07-28
17,NX00017,mathilde.gerard,Mathilde,Gerard,mathilde.gerard@nexlink.fr,supermanadmin87,1868457605b552ad5e623b4165b1b724,dec968df46c4b78b6fae99dfe13c7ccf0147cbffd6ef539a9873aa4ed34e8bf3,d7675c2c94583694,user,Engineering,+33624665841,Bordeaux,True,True,True,2021-04-04,2023-06-23
18,NX00018,lucie.boyer,Lucie,Boyer,lucie.boyer@nexlink.fr,123573@,371060db30752418e30db7532d7db26c,f4941539574d0accc97ca59a934d2977d607416198364b737d491e39e65e8091,e3bb90a682a3ee85,user,Legal,+33616789850,Montpellier,True,True,False,2022-02-01,2023-02-20
19,NX00019,louis.roy,Louis,Roy,louis.roy@nexlink.fr,securletmein8,e12be5a8ebe2eb8860ba69b1922971cb,91d25c183150fa859c537ea0bbdc1b6db17c61dfb72ef5d399a917b7ca592366,30e48eec5f844733,user,IT,+33645594951,Saint-Étienne,False,True,False,2019-01-05,2023-07-19
20,NX00020,manon.mercier,Manon,Mercier,manon.mercier@nexlink.fr,Nexlink4566!,90d862ac3e24f703c4720db99b29a616,be46719c7149f3bddc779d1bd0ef50ad258321681f4957e40e87cf76dc88767a,d172917732c52c07,user,R&D,+33652091325,Paris,True,False,False,2022-01-15,2023-02-01
21,NX00021,pierre.colin,Pierre,Colin,pierre.colin@nexlink.fr,202218,e2c4104da8dada9232eeeeeaff63408f,cd018b3aa3b0a21f4265c432881ac994c7322bfc499bae4f612148609b1e6849,e0b8b9249dfe60a4,user,Management,+33626090908,Saint-Étienne,True,False,True,2020-04-26,2023-07-26
22,NX00022,marc.simon,Marc,Simon,marc.simon@nexlink.fr,trustno1access73,d276ddad38c8067af4df1f16dd5c55c7,cf6a3e2942bce121238321b1b2d68459eb7e24f2efb654b1a28e240fcba11de9,b26787d40d6d7edd,admin,Support,+33699889098,Nice,True,True,False,2020-06-18,2023-04-15
23,NX00023,lucie.roussel,Lucie,Roussel,lucie.roussel@nexlink.fr,testmichael10,57bb9f8d5a5c2b5154679f87bdccfe31,13d107f2e75d1994497cf806c371949ad94a8106db98646bc59334ca52e69139,929e41b65bae3726,user,Legal,+33623419256,Lyon,True,False,False,2022-06-26,2023-10-16
24,NX00024,stephane.gauthier,Stéphane,Gauthier,stephane.gauthier@nexlink.fr,user57,0699ddd40db0b8a986ecf120f5b872e5,7ee6b5a87c8b55ff9dec190c223d7574a1e6781590600a7531dfc942f944f6ee,df8943134881b2b6,user,Finance,+33650603163,Rennes,True,False,True,2021-06-16,2023-10-06
25,NX00025,melanie.michel,Mélanie,Michel,melanie.michel@nexlink.fr,123218!,9f26ac4ce324c303eacd25e0f00d1072,253bdf85403a4da1f31199664cf2f6997c5f250c754bd1aca9d3ad1b07e2bb86,4a351fe916fd0ddf,admin,Finance,+33691178885,Bordeaux,True,True,True,2020-07-11,2023-05-25
26,NX00026,catherine.roy,Catherine,Roy,catherine.roy@nexlink.fr,Nexlink1832!,987fea0b5d4bcd54599d448d18f6f100,fe82ea88671ec28861ff46a9c69cbe79f492d25b30a48b06ae37eea03bd5079b,56da26a4f49886fd,user,Management,+33615917225,Paris,True,True,True,2021-05-17,2023-05-22
27,NX00027,lea.lemaire,Léa,Lemaire,lea.lemaire@nexlink.fr,P@ssw0rd64,3597018d89a8bc0d84341e4a455be296,8f9b74c819b0553612754a255f39bb43c911ab7cfbb88170a81dcb723fe30348,fddbf976b5bc6e66,admin,Engineering,+33630005727,Grenoble,True,True,True,2019-08-18,2023-02-08
28,NX00028,mathieu.bertrand,Mathieu,Bertrand,mathieu.bertrand@nexlink.fr,pass56,2b542a9cfb7c9287fedc418c8ae344fe,e1332159ea8ff86cb3d01a3e31bdfbb2debd09a14f176b0a3efb81f35ea0908b,ce8f497dad5a77f7,user,Security,+33643491314,Montpellier,True,True,True,2021-01-02,2023-04-18
29,NX00029,stephanie.fournier,Stéphanie,Fournier,stephanie.fournier@nexlink.fr,2022919@,30b527d25f077eab43e260a531a967ad,e8ecaa6642d9c390221f457aaf07b9705d6a08bcfca65e7970049369ee880e00,683a433d4b6b93a2,manager,Engineering,+33665259205,Rouen,True,True,False,2020-01-03,2023-06-20
30,NX00030,theo.robert,Théo,Robert,theo.robert@nexlink.fr,usersecur59,e6b57cd6bb20bd47fa5b7278d4f86cb3,e43be27f645a0636308d6d97235d01611c4305ad8a9de92626f1870e97811c31,5c18a10756442737,user,Sales,+33613176186,Montpellier,True,True,False,2020-04-11,2023-04-25
31,NX00031,claire.guerin,Claire,Guérin,claire.guerin@nexlink.fr,Nexlink9346!,76d66b28b40d50ab29b2146d2ece57d5,0671b4c899b8b8c5db6f7d081732c6f86fc5591e8e1bcc7e2f0cc8ed3a940bb9,860af6bc1c040390,manager,Management,+33613704481,Lyon,True,True,True,2022-01-03,2023-06-19
32,NX00032,marie.michel,Marie,Michel,marie.michel@nexlink.fr,P@ssw0rd65,c5a4c3b1dbf070c1ad60f33a22f97b0b,025902001b9e40c3045b20c85a464076d1b937ad0adc9ad0af1aae5fd73c6eb9,ad65a127db02fc08,user,Accounting,+33691363974,Grenoble,True,True,True,2020-10-04,2023-08-12
33,NX00033,alexis.richard,Alexis,Richard,alexis.richard@nexlink.fr,nexlinksunshine69,bee7d3b2ef156d9f8c6cb41d1d0a77c8,d3ca47ae709a2786cac3b9d450ba36ed2bbfd90712a083e4e774ffa83b7e609e,2ef68381bd3826e0,user,Support,+33699152472,Saint-Étienne,True,False,False,2021-06-02,2023-02-05
34,NX00034,jeremy.roussel,Jérémy,Roussel,jeremy.roussel@nexlink.fr,P@ssw0rd49,4b1f65766056f6882b96b542e51ec971,d5225c6e8b62d52f4198ac7c422b59ff11ce34b0543b1b88e4d8ded77732a97d,068b80569b75df74,manager,Support,+33649682169,Grenoble,True,True,False,2021-04-04,2023-12-23
35,NX00035,delphine.andre,Delphine,André,delphine.andre@nexlink.fr,P@ssw0rd82,83c035ab83e23cd0e8f6c86c335d978c,e09a49b33896a55c0648b120d66bdb8c3769ae7bc7a96d96f4023593071ca71e,28b45fe59f64f271,user,IT,+33650785405,Toulouse,True,True,True,2022-01-27,2023-01-01
36,NX00036,zoe.lemaire,Zoé,Lemaire,zoe.lemaire@nexlink.fr,trustno1secur66,e6efd0eb08383117e717833b97628c6f,5725a7150e6cd4547f300fb5f798d9b7f582db60195f1f30d87a73fb3b2470ac,f83788d805b5fca9,manager,Communication,+33621381064,Toulouse,True,True,False,2019-12-14,2023-12-04
37,NX00037,amandine.dupont,Amandine,Dupont,amandine.dupont@nexlink.fr,Nexlink147@,ed0805e92371ef91084c6eae0a707012,d330cf8fa12bfe86cf5d695c1d88a625f662abca47409245afb85f650cc736aa,0a65f8f6389da054,manager,R&D,+33665625330,Saint-Étienne,True,False,True,2019-05-30,2023-08-22
38,NX00038,nathalie.sanchez,Nathalie,Sanchez,nathalie.sanchez@nexlink.fr,2023771!,05cdba3646a1524ad189ec4b75c4a965,e8d01f67f5881045aaf373d47c0dcfbf0e6c32581ed9dda4d5ebcd0f8dcc3eef,3389c3e3a1e05052,user,Communication,+33633607110,Rouen,False,True,True,2021-05-20,2023-04-23
39,NX00039,jeremy.david,Jérémy,David,jeremy.david@nexlink.fr,2023football60,397dc7160d5b6a5b9bf7d3854a344c42,af656f2c51cb283701fd9675bae1eb5e73cdeec81e6c7794722b8f1e006ea724,3452ba48f2b72a54,admin,Operations,+33669401199,Rennes,False,False,False,2022-05-04,2023-06-12
40,NX00040,gauthier.vidal,Gauthier,Vidal,gauthier.vidal@nexlink.fr,123michael32,99854f7b9e56d8f7766533f9710f1b1b,03c90dc113b9d9dc67eed258d7e6ecc79bd76fc059864ee0891423b56dbcba9a,2768807646a38ae4,user,Communication,+33694120751,Bordeaux,True,True,False,2021-12-03,2023-09-06
41,NX00041,aurelie.blanc,Aurélie,Blanc,aurelie.blanc@nexlink.fr,Nexlink6238!,d7812e66c4da3507194be5896a180d16,384034e486185c385efe0c498f6ba07abe276b89c4e2720bb9e78b87ea8cde9d,f8018f700a8a256b,admin,Marketing,+33641039390,Strasbourg,True,False,False,2019-10-11,2023-03-19
42,NX00042,louis.gerard,Louis,Gerard,louis.gerard@nexlink.fr,Nexlink9890!,ef8733dac8cc96f7e12b5cd0cb4cafa6,67e17bbc922ab08d01b4082bd6d5ffd528c65b98d8e5b6c7379a9fb3bb9ad421,72579c642c9e09f0,manager,IT,+33666390708,Strasbourg,True,False,False,2019-05-08,2023-04-16
43,NX00043,sophie.dumont,Sophie,Dumont,sophie.dumont@nexlink.fr,Nexlink7389!,8e5984b2f94e93fd1778229a75e39327,6d975e5bb581293722a38cbf58c9eda6d94455d644f57bee64fb1aac423ad824,c8bf5789f7d65be1,manager,Operations,+33639600202,Lille,True,True,False,2022-01-23,2023-11-05
44,NX00044,julie.robin,Julie,Robin,julie.robin@nexlink.fr,Nexlink7624!,cc2880a08f1f70c3d7cb3816000c2c86,894d2261de9f0fe278fad0b2ecec20bbb682e1672c3db0cedcac2d7077e5727f,3a5230d66329c61d,user,Logistics,+33693517915,Grenoble,True,True,True,2021-08-15,2023-03-07
45,NX00045,francois.boyer,François,Boyer,francois.boyer@nexlink.fr,Dragon286!,76a7a9196669e5c68f823c884752d633,a98a39eaa553a95cafc6c81e2c3b2ea4eafd525973930dce999e7aaeb1a3528d,3431b359693c257b,user,IT,+33671028710,Nantes,True,True,False,2020-11-01,2023-04-19
46,NX00046,emilie.simon,Émilie,Simon,emilie.simon@nexlink.fr,nexlinksuperman70,12fe5f3a86c2fef6ed8db1a0077ebae4,cd7d64456b5cce0d9d8da4b1121553fc459ef219cbd3024feee4bad6e692c1f6,fe16f6c4744ed430,user,Support,+33619209801,Rouen,True,True,False,2020-04-04,2023-11-29
47,NX00047,nolan.dubois,Nolan,Dubois,nolan.dubois@nexlink.fr,P@ssw0rd29,7cb18e58b72455e651fa709ff10bb4dc,2fe8ab36f1db5ce9c3c027fec1d86d36255859c699245dc9c920ba6ca3c897c9,4338cb164924c283,user,Finance,+33625353091,Rennes,True,True,True,2021-08-27,2023-12-09
48,NX00048,virginie.fontaine,Virginie,Fontaine,virginie.fontaine@nexlink.fr,Iloveyou721!,06d00bdf84b15a4d4050fac32b29ddc0,9a4ddb02d4c76a767b10a859b6da1fb81d84ebebb6cd14b89c7de8eca7a1f802,a7cc92aca487eddc,user,Sales,+33613446499,Saint-Étienne,True,False,True,2019-08-10,2023-10-24
49,NX00049,chloe.dupont,Chloé,Dupont,chloe.dupont@nexlink.fr,access98,8104ff7136cf83ec7c323b403214fcb5,d74592ebdcafed20d9129f659c57ff13e14630a79235f0d360f7fb6882257abd,fc55d27f5605ed15,user,Marketing,+33690585882,Rouen,True,False,False,2022-11-28,2023-06-04
50,NX00050,isabelle.boyer,Isabelle,Boyer,isabelle.boyer@nexlink.fr,Nexlink2129!,5a3d3ad95acfde8d369ded0ffc094dfe,306a0891bc9331ffdaea9bfaeb8a06e3768ec878f8cee1b1ba1fcd78da1a85d3,287c9b5b7a87b1c8,admin,Management,+33666379329,Reims,False,True,False,2020-11-29,2023-01-07
51,NX00051,celine.renard,Céline,Renard,celine.renard@nexlink.fr,Welcome280*,792a28178d956b52ccbc9762fcd79e90,732dc0ae384700ea21f2c8e3a8b83fefce8e40bc957bc314f703846153f29cf8,3e1a3346483dfddd,user,R&D,+33672394301,Strasbourg,True,True,False,2022-01-07,2023-09-05
52,NX00052,quentin.lecomte,Quentin,Lecomte,quentin.lecomte@nexlink.fr,Michael575*,cd75434778fe9a90f5cfb153a136100a,9550c4bb23a6db6c058bb7d4c6c5e702d5cc40de3f426bb59a8bbcc2504fe9a0,e55020e99a43d0bf,manager,Support,+33653622663,Marseille,False,True,False,2019-02-28,2023-09-11
53,NX00053,margot.guerin,Margot,Guérin,margot.guerin@nexlink.fr,P@ssw0rd99,5ad9d4c1d9b170dc9e7276f25e2cee6e,f6694967df7044f89a61f1494a56b6f14b0a6171b45c89edcd4ab68356341c78,6954d3e0d2d35fda,user,Operations,+33635643159,Lyon,True,False,False,2019-01-21,2023-09-22
54,NX00054,valerie.legrand,Valérie,Legrand,valerie.legrand@nexlink.fr,abc123shadow63,43dd3cd956fc8e6c3bb4bac9c96736a9,ff0e7adb690b31bd3611c79bbf966f4432c7d28583f50356345cb09a53b1e512,8c272f8bac02b4f5,manager,Communication,+33649491631,Bordeaux,False,False,False,2019-02-05,2023-02-17
55,NX00055,melanie.aubert,Mélanie,Aubert,melanie.aubert@nexlink.fr,Nexlink8753!,9c55a28982be5cbe499f0f971e1d2aee,a31cac9c7ddf11d37a88e7088e000708cf6f832373f4017199acfff5baffc9dc,e22548040531b81a,admin,Operations,+33683871890,Nantes,True,False,False,2020-12-05,2023-08-06
56,NX00056,juliette.faure,Juliette,Faure,juliette.faure@nexlink.fr,Login838@,d82d2ae79ee72a7a9892d87da8b53c3d,db7e9a2da9b5024f3d73504af644f0429585d9ff93a7deff9a05becfee58f678,7772fcaca8238a21,user,Marketing,+33634850391,Bordeaux,True,False,False,2022-01-02,2023-12-20
57,NX00057,beatrice.dufour,Béatrice,Dufour,beatrice.dufour@nexlink.fr,P@ssw0rd86,8f4439525e5295a6f87d9c376c57e5d9,d2a571bdb40908a848ab2ace9082e7562ffaaa8ebb828fd2321a396791166847,0a21d197e1cf85f9,user,Marketing,+33640532273,Nantes,True,True,False,2020-02-02,2023-06-01
58,NX00058,quentin.richard,Quentin,Richard,quentin.richard@nexlink.fr,master47,3aab5a47b47a771a884336d1727611a6,85c1d5acd39167855f08fda060e0eb0fd9a3f07793702e266f12ef35965b746d,8606f7bd9a6984ad,user,Management,+33611646234,Rennes,True,True,False,2021-10-02,2023-02-22
59,NX00059,margot.lefevre,Margot,Lefèvre,margot.lefevre@nexlink.fr,12371,3b153deb151b7e60c393f84d196425a7,40a748045733cefd4b95a8ef9f0bbde50019d18c8e3fd3c10f208d2bea834215,3326cbf68756c59c,user,Logistics,+33676001106,Lyon,True,True,False,2019-05-14,2023-07-25
60,NX00060,laura.garnier,Laura,Garnier,laura.garnier@nexlink.fr,master63,527c7c38eda3284c8638f55e58e4a2da,24af981b5541a21dda7d7470c2f59d40663301ff95c878d946231283149eabc3,114e1a7fdf7006df,user,Communication,+33670467027,Saint-Étienne,False,True,True,2021-12-06,2023-07-14
61,NX00061,juliette.adam,Juliette,Adam,juliette.adam@nexlink.fr,P@ssw0rd17,2df864142b2be2d10a0af63a5c01726e,edfb0d05a13da732d7ca155a06085ea9051755a961528ba810addf77ad1a8957,32cff00f4965c173,user,Communication,+33638323322,Toulouse,True,True,False,2020-03-01,2023-11-17
62,NX00062,charles.moreau,Charles,Moreau,charles.moreau@nexlink.fr,Nexlink518$,35f033277968cfa98b9a7be1c879f21f,4e91b4f87190d6d098edd97a728ab86d29731f1016845ac4507ab971c75c8d54,5525d061979b3c0f,manager,Sales,+33648668783,Nice,True,False,False,2019-03-08,2023-04-29
63,NX00063,simon.martinez,Simon,Martinez,simon.martinez@nexlink.fr,Nexlink4241!,d9d2e69de31c61e1fcf0c5a3f6b3ad73,22a145770f774997b282215c83fd1dbc93dbf42adb8e743aaa220075cdfaa577,470f17b238a40683,manager,Marketing,+33696924061,Marseille,True,True,False,2022-01-20,2023-04-26
64,NX00064,laurent.nicolas,Laurent,Nicolas,laurent.nicolas@nexlink.fr,P@ssw0rd82,83c035ab83e23cd0e8f6c86c335d978c,13c155f43b66cb2bee176bc4e5865f90205bbb69032e4544635682ac0a487046,5ef8df0431123339,user,Legal,+33650814428,Nice,False,True,True,2019-09-12,2023-08-28
65,NX00065,nina.simon,Nina,Simon,nina.simon@nexlink.fr,P@ssw0rd15,a621d8e5d8d6db974f791aaa11de3656,289865a1db2e28361b1fca9f78a640f5eaa592e4a5f620ddfb2fda8809de20c4,d848e2b3b932a715,manager,Accounting,+33643603811,Paris,True,True,True,2020-10-22,2023-11-06
66,NX00066,thibault.blanc,Thibault,Blanc,thibault.blanc@nexlink.fr,P@ssw0rd15,a621d8e5d8d6db974f791aaa11de3656,f7340ba1ab023701384d55bae86fea9b72fe1b0ae406263dc25a3a0bbc16d3f2,ab55cc2c92519d4d,user,Legal,+33669355025,Saint-Étienne,True,True,True,2021-11-28,2023-11-30
67,NX00067,celine.roy,Céline,Roy,celine.roy@nexlink.fr,monkey54,b43bfa17bb0cc726664b8c8a7c34d7ca,5ec544606761b805bb9dab9d31cde9de5a1197bd820e126db6db339b57f9960b,24c3b91b873393ab,manager,Support,+33624039158,Reims,True,True,False,2020-10-19,2023-12-10
68,NX00068,marine.sanchez,Marine,Sanchez,marine.sanchez@nexlink.fr,P@ssw0rd14,56c098b54c7b15b91c9dc0c8d2d1e861,5b90efc7d2713b4a234dfb2cbe7f4a5ea86476c3cf4b6eccee0007a24e8e19df,17a45777da50f43c,manager,Marketing,+33653389073,Lyon,False,False,False,2020-10-06,2023-05-10
69,NX00069,anais.petit,Anaïs,Petit,anais.petit@nexlink.fr,Sunshine470*,be6f8b543f020c10a0dcd5428d1764d8,0530899aa74b2366dc973b3f77b664295555cca2896d57b8931362c8a471966b,840bfcec51cd289a,manager,Management,+33637321124,Toulouse,True,True,False,2021-06-24,2023-01-27
70,NX00070,emma.thomas,Emma,Thomas,emma.thomas@nexlink.fr,P@ssw0rd40,ff9d286ed2bfed8b5606bd1207133c60,3008c5c061c8c8c3af1661b1965fe8bc907d842118ea9c1372811f9076896065,e61eaeff4a94c5e3,user,Sales,+33684121929,Strasbourg,True,True,False,2022-02-02,2023-01-08
71,NX00071,emma.fournier,Emma,Fournier,emma.fournier@nexlink.fr,shadowpass66,2f0d6ed60c73135db8c6577ee07ccbac,4e5368f0c875210ea466cf6d89835fb74be5f791e5acaa4297ec26d75366a9d3,80bd86a8bb5407e8,user,IT,+33642713008,Lille,True,True,False,2021-09-15,2023-08-30
72,NX00072,robin.leroy,Robin,Leroy,robin.leroy@nexlink.fr,Nexlink7798!,4a929da14f178bd5e9b0d465109ce605,aaf04395cd4cfb70ef73a7c9749b10e95e9c0dfbc0617f527e5dcf9b5afce93f,6fe83a69156cf139,user,Security,+33610344303,Toulouse,True,False,True,2021-11-05,2023-05-17
73,NX00073,manon.lecomte,Manon,Lecomte,manon.lecomte@nexlink.fr,P@ssw0rd71,6b92cf4d44c9bc58b8186519346afdd2,49ab55ccf68c699575c040ba343f8f65bb27e45f60ab429e5a122494415b7514,2c0d146e55750580,user,Support,+33660628276,Lille,True,True,True,2022-02-04,2023-10-06
74,NX00074,eric.robin,Éric,Robin,eric.robin@nexlink.fr,Michael520!,38956d3cfd17db81a13b15ab2b83d1cd,e2f26321b232a8980571580ecb77020e7533bf539bc5b0864cae09d86aedebe6,3984428cb70d2b6a,user,Accounting,+33661167978,Strasbourg,True,True,False,2021-08-26,2023-12-28
75,NX00075,yann.dufour,Yann,Dufour,yann.dufour@nexlink.fr,Nexlink2644!,751cc0bf80aa5d17cda236605e3c6c70,0f344d0281345809fb550ed410e132adeac63fcea84745a98ed41a60cce25dcd,efa7af8f60662580,manager,Marketing,+33612059919,Nice,True,True,True,2021-12-13,2023-08-22
76,NX00076,antoine.vidal,Antoine,Vidal,antoine.vidal@nexlink.fr,Nexlink6546!,b70c733e30d34061028591af6f1ff5e6,8dfbbdddd7335b519ffbb468896b578e42bbe0220be765d0873629cb7538fcbf,65705dfd28f804ec,manager,Management,+33681621574,Strasbourg,True,False,True,2019-06-14,2023-06-18
77,NX00077,isabelle.robert,Isabelle,Robert,isabelle.robert@nexlink.fr,P@ssw0rd18,2063f7bd484726d301d23229fa214119,8d30e45de04e56e00777dccb1a5d0c8a5dd5c922f67dcac411248f804f167f92,55f5759014639c65,user,Management,+33640532691,Nice,True,True,False,2022-11-02,2023-05-28
78,NX00078,florian.girard,Florian,Girard,florian.girard@nexlink.fr,Nexlink1474!,fb45294290263b25b916935b19e01009,b9c6dcf8435fd145d650cdd1cdce728f526e125260f50ffa52242ed73fef4d80,1e4026caa7bcb94d,user,Support,+33658112135,Nantes,False,True,False,2019-04-25,2023-05-31
79,NX00079,sandrine.lefevre,Sandrine,Lefèvre,sandrine.lefevre@nexlink.fr,2022180*,ac5af431393e20ae09e993d9ec4d3aa7,971879f160e03d5668784ce020d6eb4808b4baef7849638fcd296e99a40fe3ff,c54aab171a5b1645,manager,R&D,+33676795767,Saint-Étienne,True,True,False,2022-10-31,2023-05-04
80,NX00080,zoe.faure,Zoé,Faure,zoe.faure@nexlink.fr,football69,45a34882b7f351fee72afd1464e0eead,0c29ce00a14ee3758c38e0350a2b6bd222f32a7e033286c2077158352b54b1a1,6835158a0f20425d,user,Management,+33619913576,Lille,True,False,False,2022-01-24,2023-03-22
81,NX00081,audrey.faure,Audrey,Faure,audrey.faure@nexlink.fr,passsecur50,546f147acd77b643e1cc7731bc1cda9c,80a3fb6bb2b151bf35cfd9a66cf12e507899b7d35bfc705af09d6e9b11dd381a,b6557e0a6fa85fa8,manager,Marketing,+33686762164,Nantes,True,False,False,2020-04-30,2023-07-15
82,NX00082,denis.masson,Denis,Masson,denis.masson@nexlink.fr,Nexlink1132!,bd9f4c8f53992d6b5b8ca305d87522bd,c46ccf07a5900bf1a0ee393a2176b048bed53a910f17cc02662b9b0ddf7f9d2e,986520d8d4ea08ca,user,Security,+33648412328,Rouen,True,False,False,2022-05-26,2023-09-12
83,NX00083,jean.mercier,Jean,Mercier,jean.mercier@nexlink.fr,P@ssw0rd42,c8f0618bb641af60b74abc410b308e59,d81de811239dd6b8f7dc3f0cbb3060a7c2c590104084e2346c3cc87435dbc4b0,fa003d21946a38cf,user,Management,+33696750368,Paris,True,True,False,2019-07-18,2023-11-18
84,NX00084,beatrice.bertrand,Béatrice,Bertrand,beatrice.bertrand@nexlink.fr,pass51,10cc7bfa2d305f548f7e776c347deb6e,d1870b29b45ec350363a27c0a8915a4a7f4a1e886afba60092307a922f6e7cbb,c80177009ea2fa15,manager,Finance,+33682398083,Saint-Étienne,True,False,True,2020-02-16,2023-03-09
85,NX00085,fanny.girard,Fanny,Girard,fanny.girard@nexlink.fr,Nexlink8894!,6c40fd1178723f9715e5a31482f0c0f1,17f6647e6a32622d03ad8a8b5de9acad7c207c9298141cf1f499bc228d3860bd,656adb3ea9cdf1cc,user,Accounting,+33672858374,Lyon,True,True,True,2020-11-24,2023-02-28
86,NX00086,estelle.pires,Estelle,Pires,estelle.pires@nexlink.fr,Nexlink2479!,b777093c35f988522ebee761f206716e,60ec6738551e7f09abcb4186b65b055f3a4ac4fc62d7f14bb3643f2d5b7f2072,47fb816f367be043,manager,Engineering,+33626587799,Lille,True,False,True,2020-06-25,2023-10-02
87,NX00087,veronique.chevalier,Véronique,Chevalier,veronique.chevalier@nexlink.fr,Nexlink2775!,18afb88e2603f10b6f732618cd46f1c0,9e15293dd127655247a7615bfbbbc880a7ff78ed6732a3ab4e17c7b446e62117,8c1a0a2b944dfe1a,user,Legal,+33685350823,Nantes,True,False,False,2019-02-21,2023-11-14
88,NX00088,audrey.roussel,Audrey,Roussel,audrey.roussel@nexlink.fr,login20236,325b9ec9c45ad8fd8d15348d00a231ab,96bff5bf5fa01949d4bdd1f8217115635c843e292fae747d5ee0557b274065de,d6b20619ad5e858a,user,Sales,+33623044889,Bordeaux,True,True,False,2021-10-05,2023-03-01
89,NX00089,melanie.riviere,Mélanie,Rivière,melanie.riviere@nexlink.fr,accesssuperman94,62f50243c141edd789e114153685941a,6c17e90a657d5e980f1980bc0c6fb2bc691cad4f7e2ad84ac959ea72c00905b1,80a77d0de33bf3c6,user,Security,+33623290458,Reims,False,False,False,2021-04-29,2023-12-02
90,NX00090,marie.fontaine,Marie,Fontaine,marie.fontaine@nexlink.fr,Dragon555@,742de1e6b5771e7f21ff9151a1893ce4,508901694213f8631db5ee7f3e7bb118b649ef80db93413ac438d828ff127e1f,8ea0be6423312758,user,Marketing,+33683076970,Saint-Étienne,True,True,False,2022-11-05,2023-07-08
91,NX00091,alice.david,Alice,David,alice.david@nexlink.fr,passwordtrustno128,6a67da16370590332bc9f83725abc2bb,08f49a4c7ae2fe58d6a08b1138169ce4955bb4f8dfebe68de62350781ed54f99,71b5eaf129b7b743,user,Engineering,+33626901217,Rouen,True,True,True,2020-11-14,2023-05-05
92,NX00092,philippe.bonnet,Philippe,Bonnet,philippe.bonnet@nexlink.fr,Test892@,858ebab9beabe70397cdc13f987188b4,e224b228afab9c978641fe72251b130d9e86c532ff98c9e97ff4fb47b38c2373,2b970f982fc749e0,user,Sales,+33682506491,Toulouse,True,True,True,2019-10-24,2023-03-08
93,NX00093,sebastien.bernard,Sébastien,Bernard,sebastien.bernard@nexlink.fr,Nexlink4898!,7e36c4ac9471a5b15a8bd15d55d85363,03e77768ddb5d7f22009bfe9372c0a789b86ee0ae4806b5e9fec2939b8d65362,a713c4e2d9b3ecce,user,Engineering,+33617032877,Marseille,False,False,False,2019-12-23,2023-05-16
94,NX00094,xavier.lecomte,Xavier,Lecomte,xavier.lecomte@nexlink.fr,Nexlink9408!,6d698d1c2867aa43378b3eb3199e2010,7974f5e4a29c8401784484e86c1f5d37172928689945a78e5b3942d4b91a61e5,76b9c90b4a344415,user,Legal,+33692558242,Paris,True,True,True,2021-10-28,2023-04-24
95,NX00095,pierre.bourgeois,Pierre,Bourgeois,pierre.bourgeois@nexlink.fr,welcometrustno114,7ff5e74c015ad2b3fbcdca575123e22e,4d7fdd636e7ee182ead897a3d4ed896d36a8629aff7c958c6f384d991e65ae6f,176e2bf3036db75e,manager,Accounting,+33620843514,Nantes,True,True,False,2021-06-27,2023-02-07
96,NX00096,stephanie.aubert,Stéphanie,Aubert,stephanie.aubert@nexlink.fr,P@ssw0rd51,bfb6833e601cbef2714b41176e10c1cd,ecc610b3153894a35088f8284a0cba857c231d7f35484f5b6edc9f76ef845738,7edbcccd4a6078b3,manager,R&D,+33670896652,Grenoble,False,True,True,2021-12-22,2023-05-31
97,NX00097,corentin.arnaud,Corentin,Arnaud,corentin.arnaud@nexlink.fr,Welcome562@,b5a2199295bb2662397fad8f717411e3,88bdb0254478285561a30dd30ba57c1d84743837cd4591ed6fd6db280bffd625,a67798c40e60dab0,manager,Support,+33665833185,Nice,True,True,False,2021-07-17,2023-07-24
98,NX00098,melanie.faure,Mélanie,Faure,melanie.faure@nexlink.fr,Nexlink3500!,ee19b40a369d27f7a0588a4b8d7e891c,ddc187db13c494490ce479b6b547271b87edd2f0075315e03fcad76605574fda,eed3cd5a517d6e5f,manager,Marketing,+33622513132,Strasbourg,True,False,True,2019-07-06,2023-02-13
99,NX00099,estelle.bertrand,Estelle,Bertrand,estelle.bertrand@nexlink.fr,P@ssw0rd17,2df864142b2be2d10a0af63a5c01726e,a0db98bc3b04909b0bfcfda87d553e2e7853fbd7c1b1336f94dbaafcadef0f05,95b144c9a4389aa9,admin,Operations,+33626405605,Strasbourg,True,False,False,2020-11-06,2023-12-10
100,NX00100,fabien.muller,Fabien,Muller,fabien.muller@nexlink.fr,P@ssw0rd49,4b1f65766056f6882b96b542e51ec971,4b08f4ffba3439082fe624f35f426c509b844a0b86a258df6d3e2f0315715c6c,cc71b1d545d572eb,user,Marketing,+33638553319,Marseille,False,True,False,2022-03-29,2023-09-17
101,NX00101,valerie.fontaine,Valérie,Fontaine,valerie.fontaine@nexlink.fr,michael45,01b1b888fdc11f7ddc4bb38a6f3d2ba8,c359d840d0daee36eec37b64470c1304e6c720b394d2a441dd01659973933270,4c29aab82f0d9376,user,Communication,+33693446356,Rennes,True,False,True,2021-05-28,2023-10-15
102,NX00102,julie.lefevre,Julie,Lefèvre,julie.lefevre@nexlink.fr,Nexlink6062!,d29da4ed7b5a61e2765a27fe187768b4,49312d21c8d9580abc7852148828ebb64f3bf48c3b84316816afc3f98ff63d96,f4700013b5b7e5fd,user,Support,+33629226889,Rennes,False,True,False,2019-01-13,2023-04-03
103,NX00103,francois.noel,François,Noel,francois.noel@nexlink.fr,Letmein529$,cb1418fe8dde543500dde9bc8e8fd6ca,b919f3fcd932dce5089b76cbb95725a3f234c37fa0e50cfba54ebc1a30106e75,eaf2b20e40635ed1,user,Finance,+33653537934,Rouen,True,True,False,2021-01-27,2023-06-09
104,NX00104,thibault.delacroix,Thibault,Delacroix,thibault.delacroix@nexlink.fr,trustno120,48f98b7142568f888a13ec5a7d6829f0,8bd4818903ecae3b330258b9ba6062529e937cdb87589b08ea9a3be2a662df92,0e5f54fa7f6978a4,user,Legal,+33675184410,Rennes,False,True,False,2022-09-17,2023-08-06
105,NX00105,thibault.colin,Thibault,Colin,thibault.colin@nexlink.fr,qwerty65,0c3946a92dc26b28c8b7714daf63814b,bc396b6f7ad238e9e90fbf0f0f40ac176971e6b0819d01803a98d1a05826696f,e50aad2da5887caf,user,Sales,+33689609131,Lille,True,True,False,2022-10-20,2023-12-14
106,NX00106,caroline.durand,Caroline,Durand,caroline.durand@nexlink.fr,secur48,8e2e0c7ffecf46abc5a883d4a0f7398c,023fd8a4c84decdaeec1cb02c4f80c4d5aae57898de6db736c08654d60ada849,7cf820e2b128c4f7,user,Communication,+33648848936,Nantes,True,True,False,2019-10-09,2023-05-11
107,NX00107,charlotte.bertrand,Charlotte,Bertrand,charlotte.bertrand@nexlink.fr,mastershadow30,0f4c89b55e74273f7646cd296c811883,665e33f510c73997c0ada58a86862f5dc45827987c8327b181d1a14408646d27,7556952d7813d474,admin,Operations,+33619673809,Strasbourg,True,True,False,2022-09-30,2023-07-01
108,NX00108,claire.perrin,Claire,Perrin,claire.perrin@nexlink.fr,P@ssw0rd64,3597018d89a8bc0d84341e4a455be296,db6d9d55c6f4f3a2e7b2c0db01d5137ae75594928f41518731c8e9cd54a9a02b,c014a3ec17da4c34,manager,Accounting,+33648858073,Lyon,False,True,False,2022-08-04,2023-08-02
109,NX00109,dylan.delacroix,Dylan,Delacroix,dylan.delacroix@nexlink.fr,baseballshadow47,8ebd5834138b777b6e4967f94f51a742,3063b4c05d36329a861fc6df7927660099220b01aeda12c095cefbf69344531d,bad3e6166e955017,user,IT,+33668475513,Rennes,False,False,False,2019-08-05,2023-05-05
110,NX00110,juliette.clement,Juliette,Clément,juliette.clement@nexlink.fr,Test897@,624c1fa985e2915e16e16b9129f4ecc2,7ca9bbd5a53ee007a7b8d9b0a3ef03532c078c9c1aeb121589c4aa040cfdc236,8ae93076c28fcac0,user,Operations,+33681216573,Grenoble,True,True,False,2022-07-20,2023-02-28
111,NX00111,benjamin.michel,Benjamin,Michel,benjamin.michel@nexlink.fr,123302@,d76881aa37a8d80600fd966dcbac65ec,4bdba0e11f090a77292274be2d8f8ed8709cc8d852cf5fb05ff66957f1de7696,c702737772f6ddc4,user,Communication,+33633776150,Rouen,False,True,True,2022-09-04,2023-02-08
112,NX00112,delphine.adam,Delphine,Adam,delphine.adam@nexlink.fr,P@ssw0rd51,bfb6833e601cbef2714b41176e10c1cd,eec3dc4815103816f6b3a1b1ff617e39aaa31ebff4e9674e0fbb35f9510cab34,43ab4d8ca14f533c,user,Finance,+33672937522,Lille,True,True,True,2021-06-19,2023-02-04
113,NX00113,baptiste.meyer,Baptiste,Meyer,baptiste.meyer@nexlink.fr,pass69,2914bb1c972f10b0c791d0850402e30e,1212b1efaf6d3a3123ce705ff446f5b9c659e339adbfa4dfbbea1ef5cc2a23c2,6ace90279b36f461,manager,Engineering,+33648530827,Lyon,True,False,True,2019-04-27,2023-07-08
114,NX00114,zoe.aubert,Zoé,Aubert,zoe.aubert@nexlink.fr,P@ssw0rd15,a621d8e5d8d6db974f791aaa11de3656,0601ec5f862bb8c2d341867f9f4c72e69250fa2c0ee9a1afbf79b8b75fc19d6d,c4529ad92012d759,manager,Security,+33635265073,Nantes,False,False,False,2022-03-16,2023-11-30
115,NX00115,florian.michel,Florian,Michel,florian.michel@nexlink.fr,Nexlink2381!,641edba59ccdc3a1b25aaf0833809406,8339a30ee1737137006e3c1d858f80a3891b24c89ea2fba6736095671f2f329c,f410bca5ab190060,admin,Management,+33643251599,Nice,False,True,True,2019-12-20,2023-01-21
116,NX00116,clement.fontaine,Clément,Fontaine,clement.fontaine@nexlink.fr,Nexlink7347!,973216a29b1d15e4a2ac2714ceb25c68,e61da0051f5436e022d8bdef14fd57b91bee8c017f98fdbcb633a44d3b16f615,7d073ba5aef238f2,manager,Communication,+33690246882,Paris,True,True,False,2020-11-23,2023-12-14
117,NX00117,charles.robin,Charles,Robin,charles.robin@nexlink.fr,Nexlink5128!,faecc9c7dea8eb551604414362bd4ba7,2379aaa7d0656b76cd28a4f78e3af67189e0b70dc9db9fc72514f8ae969c6b25,b33995ce0f49328c,user,Support,+33699068509,Marseille,True,True,True,2019-06-16,2023-10-26
118,NX00118,lucie.bruneau,Lucie,Bruneau,lucie.bruneau@nexlink.fr,pass81,ec4ce41f9f8a3ffd44301a28497690c2,e9e32ebfb0555a4e9e5bbdb8ed6b07e69a01200727713391d805e27aa506fbd7,72adbbe29a750acf,manager,Management,+33699941500,Nice,True,False,True,2020-11-03,2023-03-07
119,NX00119,catherine.lopez,Catherine,Lopez,catherine.lopez@nexlink.fr,qwerty49,df9eacbe99c22afbc1ffef6ecd01a7a7,80bbf9be44600eec446fea4926f44b66c6ab8f1269b55e8f11d7d12de74a4dc7,f2baf66b08a6563a,user,HR,+33635770506,Bordeaux,True,True,False,2020-11-30,2023-09-06
120,NX00120,noemie.lefebvre,Noémie,Lefebvre,noemie.lefebvre@nexlink.fr,P@ssw0rd79,c3a945d198798129dbb238a4c85956a4,fbe1f2168531faca557e69adc843bbf128d3e2008bf4e1b55aeeee8f60b94017,7c4b61869a895261,admin,Engineering,+33692950779,Marseille,False,True,False,2022-09-17,2023-06-22
121,NX00121,nolan.delacroix,Nolan,Delacroix,nolan.delacroix@nexlink.fr,Superman548!,337a0f402ef326e4b5728328ec35f060,64d9a53475e69b69d9ed43f468e7190a9ca6f6bddb9c0a2cf759eae460cfadf3,9bab7b47875f1d5e,manager,Support,+33669619341,Rennes,True,False,False,2022-10-17,2023-05-02
122,NX00122,paul.legrand,Paul,Legrand,paul.legrand@nexlink.fr,Nexlink8684!,5a4e0545efe3b1ec52c1e1a42ba9347b,192f1ee37c9fe23e0c63cb43178d988976e2a53ddcedc3252e24fc67602f220d,ee975282eb19161b,user,Support,+33669135982,Lille,True,True,True,2022-10-21,2023-10-20
123,NX00123,lea.dupont,Léa,Dupont,lea.dupont@nexlink.fr,P@ssw0rd27,6ef965128e70d72648b18d2853ba85c2,fae0190df6c6b9cae1ce19e6ea9fe494f6408e8e33c8fd4034136910d1a941bc,229c716b3e4ad573,user,Engineering,+33659823245,Grenoble,True,False,True,2022-08-06,2023-09-04
124,NX00124,vincent.simon,Vincent,Simon,vincent.simon@nexlink.fr,123560*,638e59b5a8db9440eefa66621e62f61b,f55bccf1d1a6162b1a470e844a62e4a16294ec81b44a7b11fffd1e3f6da34a95,91ff34a067e715ce,user,Logistics,+33639801436,Reims,False,True,False,2021-06-14,2023-02-16
125,NX00125,camille.masson,Camille,Masson,camille.masson@nexlink.fr,P@ssw0rd57,acd76c995fa1bfa4eeb4a96a6fd87f3e,6342852bb608243582c804c523768f28c8c72e88f5868a238591238ae681b529,1e3f16031394874b,user,IT,+33640137082,Paris,True,True,True,2019-06-17,2023-07-11
126,NX00126,noemie.vincent,Noémie,Vincent,noemie.vincent@nexlink.fr,Admin393$,51e822d558a006e499c0e2097f13166c,28363b86488e2b55b866720ee5cddf5d6e7967786b005a93286d451301d553ff,bb5995218521e627,user,Communication,+33670210270,Rennes,True,True,False,2022-12-15,2023-08-29
127,NX00127,pauline.fournier,Pauline,Fournier,pauline.fournier@nexlink.fr,P@ssw0rd87,973e7b108ecc4965fc66ba2e2bb7cc5a,04953d4658c9a12f77cd39c626046addb6a135e1f2764e74a8a30c3b1ab3cc0e,ec769d1605013b60,admin,IT,+33641895531,Toulouse,True,True,False,2019-08-16,2023-05-28
128,NX00128,celine.delacroix,Céline,Delacroix,celine.delacroix@nexlink.fr,passwordlogin64,319b51a7cc08334ae3cd4a406413eceb,7c11f7deafd4f5b88f759f14bae282de6a78ae6e79a505f783e2034c53888171,5dee1290dbcca928,admin,Engineering,+33687181563,Bordeaux,True,True,False,2022-07-18,2023-09-21
129,NX00129,marc.dumont,Marc,Dumont,marc.dumont@nexlink.fr,Access526@,b4a4eb1e672623cf29443c1eee11ecb3,0e1f942e7d35c57c6810995fee15355dd69107a8f347cc3a7f6d05f23b75c28a,9af1314db9a15bba,user,Operations,+33680606503,Grenoble,True,True,False,2021-01-08,2023-02-04
130,NX00130,jean.robin,Jean,Robin,jean.robin@nexlink.fr,Nexlink5155!,e573b6162d885147028a1cd9a08d5b0b,d0844481e2d2be25c5f3f249234ab98fe07aa0432d1a94abfd6bffc8804aaf3a,4d4f804d77cff5c0,user,Support,+33642363373,Nice,True,False,True,2019-05-19,2023-06-26
131,NX00131,lucie.richard,Lucie,Richard,lucie.richard@nexlink.fr,Nexlink9945!,a252cceee63b56bcbdb6ce019210969c,f3659e999ae3957cce43fe5cf6daaeb4a6e907bf3b406eb2e8b04b4a183672f8,d49c74ac7f6be5cf,user,Logistics,+33672360629,Nice,False,False,False,2022-08-09,2023-03-31
132,NX00132,antoine.renard,Antoine,Renard,antoine.renard@nexlink.fr,pass35,9c840fa2785637c170c854d2fd449569,394e948a401b79eae5e90fc837b5f146d0660623977d9ad9cb99235e1a35899f,2e1ce1b1736296b8,user,Communication,+33652358553,Saint-Étienne,True,False,False,2020-02-13,2023-01-22
133,NX00133,emilie.robert,Émilie,Robert,emilie.robert@nexlink.fr,Pass465!,46b82581ad197ab9e83681d83745fba6,e90ba9b6eccc066297f218200291e5ed4928473d9635f2c55ed28334ea2dfef0,29429e5daca4b514,user,Sales,+33668646621,Saint-Étienne,False,False,False,2019-09-12,2023-07-08
134,NX00134,margot.lefevre,Margot,Lefèvre,margot.lefevre2@nexlink.fr,shadowmonkey48,68c0f390ccd478b76dc9492689cf2f7e,d80e5f34d4b6ec2edb1c6690811faad3fb5de1e6c4bff85b4361bb6337ce39fe,f995ed907611c924,admin,Sales,+33620593403,Strasbourg,True,False,False,2019-06-19,2023-08-06
135,NX00135,sarah.simon,Sarah,Simon,sarah.simon@nexlink.fr,Nexlink5843!,b4c7afa98def87b760b38bbef4141d2f,1c476937d054c32deaef34cda8aaa5237e1c02bea370c8dc9349ce8108c9ec87,acb560851067a435,user,Legal,+33632366682,Nice,False,True,False,2022-05-19,2023-08-07
136,NX00136,jeremy.dumont,Jérémy,Dumont,jeremy.dumont@nexlink.fr,P@ssw0rd65,c5a4c3b1dbf070c1ad60f33a22f97b0b,5466469c4b19fc4cb35398b49ac3559a6441b9b85417f82289a62369039d766e,4569b7ee7c0e0ec2,user,Management,+33695565484,Strasbourg,True,False,True,2019-04-28,2023-02-08
137,NX00137,cedric.thomas,Cédric,Thomas,cedric.thomas@nexlink.fr,Iloveyou794$,11ba7687020cb525086ab7b36ac2b27a,c9716522e55d4646e1e65a9009dd9a2928fcf591de37d22eb033688ce2d4667e,8b4e111eceb267cc,user,Finance,+33696592295,Nantes,True,True,True,2019-05-18,2023-05-01
138,NX00138,patrick.fournier,Patrick,Fournier,patrick.fournier@nexlink.fr,qwertyqwerty57,1f1dc6e572f939585790b29d55dbe706,644cdb8906cfa9853f4641d859bbfcf0154a4c7543aaf6570ff65e1a8e2af9f8,25c0b1bd9d9246e9,user,R&D,+33659251188,Strasbourg,True,False,False,2019-10-09,2023-09-29
139,NX00139,fabien.garcia,Fabien,Garcia,fabien.garcia@nexlink.fr,superman33,82bbd5f202f1c0bb44039b2fb138336a,a1dc37ee7ce30fb8e26c467e275454a20db4c00a82aecc0cb977be4031939f04,e7946736435b0d0f,manager,Operations,+33625805613,Toulouse,True,False,False,2021-03-03,2023-10-15
140,NX00140,marc.muller,Marc,Muller,marc.muller@nexlink.fr,securlogin18,a080b762fad5bf781f7f8daf19f99ac9,4a73b04e215a5a3fc577e77279e1708f6a59a6cc1a724b8be0d4b19b2ce9270e,56782d1a3ac109fb,user,Legal,+33621783073,Rouen,True,False,False,2019-12-20,2023-08-16
141,NX00141,charles.riviere,Charles,Rivière,charles.riviere@nexlink.fr,Nexlink5914!,9534f61704e02f6aaa97ec152c5680ba,f646774ff50d5b0b9765cf384ec4fb3318b980876ff6f8502b1ac041847e6d5d,59ff80c1f1a9d8dd,user,Accounting,+33695590648,Marseille,True,False,False,2022-12-24,2023-12-25
142,NX00142,maxime.roux,Maxime,Roux,maxime.roux@nexlink.fr,Football605!,7ecb0b8db86db932ac27f95e97db6a6c,2a6796fcc1d5f18ad44ab5f05ed15e6432ba96d4c2cab6da28fa0f61a8ddca79,b4dc2a8fe0a4d34c,user,Operations,+33672734149,Rouen,True,False,False,2022-03-18,2023-07-08
143,NX00143,lucas.masson,Lucas,Masson,lucas.masson@nexlink.fr,sunshinewelcome99,912f00363849f20fbe57a84854d37219,99de0769849d2460ba3e3788d046e8ebde5fee1d3d0adaee2a40b4ecb28b16b8,7d7553079418fa2c,manager,Logistics,+33626821075,Nantes,True,True,False,2022-03-23,2023-02-07
144,NX00144,lucie.arnaud,Lucie,Arnaud,lucie.arnaud@nexlink.fr,P@ssw0rd33,99a7d850a11b1717bddaf9962d4b7618,b9056075c6fd299ad4d9fd1659bce65f768e784ff1db45ecdcbc4ca97365a42d,a6ae31cf550fe4d5,user,IT,+33626664623,Grenoble,True,True,False,2021-10-26,2023-01-29
145,NX00145,arthur.francois,Arthur,François,arthur.francois@nexlink.fr,Nexlink9501!,1a55b7c258e6e9e02f9e866601680766,7c9bab91bdcf6c72af9a0243c2bd78a2e35e55f3984bf323672542e9467b369e,b1fa749ee5a8e691,user,Logistics,+33636347197,Montpellier,True,True,True,2019-06-11,2023-05-09
146,NX00146,stephanie.millet,Stéphanie,Millet,stephanie.millet@nexlink.fr,sunshine92,12f9f4899bbffbbc92eb789700e190e5,db3e9e95bc3a831c22847340da38a2e3e4da950d89bde16296a0eb1a0d064ad1,87995a66a9a60a7e,user,R&D,+33632978158,Montpellier,True,False,False,2022-04-04,2023-03-20
147,NX00147,francois.richard,François,Richard,francois.richard@nexlink.fr,P@ssw0rd43,dbff53b1c5df3c45cbf70ab41607307f,649cc2962ecb69757e3ca78f58de1c91c602f58cc26fa105422a32f4fe3fc9fd,c3c935b848ef49cc,user,Communication,+33692961108,Montpellier,True,True,True,2022-03-17,2023-08-02
148,NX00148,vanessa.roussel,Vanessa,Roussel,vanessa.roussel@nexlink.fr,userfootball88,2e844934c4641bf2af010740319dc559,8d04fca3136fd567c396877e20be8fcad31faa9f10ef9dde964980d831323db4,250b31480f26cbef,manager,Sales,+33618041391,Marseille,False,True,False,2021-07-17,2023-02-07
149,NX00149,pauline.clement,Pauline,Clément,pauline.clement@nexlink.fr,P@ssw0rd28,3c05e75a0f8b0e30bdb77c453967791c,7811429d7cfed10230ad6b43d6d556be7df2265d67f9ec9359f6b4372e0b2c61,f9cb608447b1b191,user,Logistics,+33663514837,Marseille,True,False,True,2020-10-15,2023-06-26
150,NX00150,arthur.legrand,Arthur,Legrand,arthur.legrand@nexlink.fr,login12358,7e131dee0c84938c7f6f15087ef25cad,4907006680515c0f3dc3666ccf7df95e243de030d88633140bc2243eb8686b40,ba8c4d7a626d7d8b,user,Finance,+33648951595,Strasbourg,False,True,False,2019-07-18,2023-01-26
151,NX00151,sandrine.perrin,Sandrine,Perrin,sandrine.perrin@nexlink.fr,Michael263$,db684e79e5aa6d9dd6be75bdae4f9e85,fb95ef82db2c5ebed5960edc267c58a0857c56967126edd2fa5cf04fc843af96,b0fb7332a235f2f7,admin,Legal,+33676755908,Paris,True,True,True,2021-10-18,2023-06-07
152,NX00152,aurelie.bonnet,Aurélie,Bonnet,aurelie.bonnet@nexlink.fr,P@ssw0rd55,323180a7e6a101c47e764b438c7d3898,2fe41d4d11e631b2203144fe2d81aca2eb995b444e4b8d87cfc590f7b3bfcf2e,ef27ccacb447f920,user,Engineering,+33690197611,Saint-Étienne,False,True,True,2020-07-30,2023-09-11
153,NX00153,corentin.michel,Corentin,Michel,corentin.michel@nexlink.fr,202312394,8b62dd703fdbff6d2066fb24fa3998c1,ea23ac2f94119dafbdbddd4bbe867c4b439d2fb1da39ee7c6173a26f2e1d3076,d65ac34ad9050dd7,user,Communication,+33616072331,Strasbourg,True,False,True,2021-04-05,2023-07-07
154,NX00154,clement.arnaud,Clément,Arnaud,clement.arnaud@nexlink.fr,Nexlink2204!,b58be6143c859a1fd3216b6786161c64,f15b9fe13337b4a05a2f98f5ceb4b7e06104a172e44a78452d602a7484a56d76,553c40f6db40cb3a,manager,Operations,+33647543473,Reims,True,True,False,2021-07-11,2023-10-09
155,NX00155,ines.clement,Inès,Clément,ines.clement@nexlink.fr,P@ssw0rd56,2249eae896756ec7711d0ea3991eea1e,23a498bb0a676e9f33ce47f1008e28ca41122f8a97121864923eecd3fe3ac63c,e6ea7fbbba80a12c,user,HR,+33663873262,Grenoble,True,True,False,2022-05-18,2023-09-18
156,NX00156,damien.mathieu,Damien,Mathieu,damien.mathieu@nexlink.fr,sunshinedragon20,ca59bb049fdd97e8bf7056d3fb7bf595,131822868ba0103d308418b65858a1a709bfcb17cba749cb6497938ce05b0b14,e8faebc8718dc2cf,admin,Finance,+33652752377,Marseille,False,False,True,2020-11-02,2023-11-10
157,NX00157,veronique.clement,Véronique,Clément,veronique.clement@nexlink.fr,P@ssw0rd75,c941a6453c808c259db3ecf6d253be92,5e38086bb079df983ff25323e36a90ce30f2740d452cb7f75ed78a0ce49ccce2,d65289e81d587aae,admin,Legal,+33650237208,Lille,True,True,False,2022-12-22,2023-10-16
158,NX00158,denis.nguyen,Denis,Nguyen,denis.nguyen@nexlink.fr,P@ssw0rd49,4b1f65766056f6882b96b542e51ec971,9175747ccf839c165c6bbd9cefe46feaf615631db52b09c2a5800b34252f4e17,014c2d37757910d9,user,R&D,+33697991930,Rouen,True,False,False,2021-08-29,2023-05-16
159,NX00159,lea.noel,Léa,Noel,lea.noel@nexlink.fr,P@ssw0rd58,7e8893ecf677412dcfe21f7d5a868d9f,30fb9de312cf3efdbfeb177d9a99ac20a9888109f20ef3ad32940c3ac084e954,79c1b15b34e3a300,user,Logistics,+33614237322,Rennes,True,True,False,2022-10-26,2023-05-05
160,NX00160,elisa.nguyen,Élisa,Nguyen,elisa.nguyen@nexlink.fr,Welcome807@,cafd5213552ff7d561f7842deb37040b,a8fb35d752f466e17027cfd8656caee08c0f627fb0d8d96c5c35299ab5eb7a25,c9977bd858cf8f43,manager,Operations,+33618359252,Nice,True,False,False,2022-06-06,2023-08-30
161,NX00161,melanie.bourgeois,Mélanie,Bourgeois,melanie.bourgeois@nexlink.fr,P@ssw0rd58,7e8893ecf677412dcfe21f7d5a868d9f,6d247f648b73b2cf4c83054c8bbc82172acc697c5b091682253851736ec3f4a3,b5b58f2d20c8f1b1,user,Finance,+33655946354,Grenoble,True,False,True,2021-07-30,2023-09-30
162,NX00162,stephanie.bourgeois,Stéphanie,Bourgeois,stephanie.bourgeois@nexlink.fr,User385*,c64955afd738f6aed5325b30b87a7208,9aa86211a245ab54cc1024ff363bff052c66c480ce8c6995743fbba039f944d5,fe88e8e916d4316f,user,HR,+33637820354,Nice,False,True,False,2020-09-01,2023-05-28
163,NX00163,valerie.guerin,Valérie,Guérin,valerie.guerin@nexlink.fr,Nexlink2996!,b41bec7ed45cc3a5897b4b7a3b988258,9c0bd97167000e1c5f73dcb1d4a5d8abe2f53dd3a03c1555bffde93dbfb4a0a8,2a8719f0f2595308,admin,IT,+33629659692,Toulouse,True,True,True,2021-03-19,2023-06-26
164,NX00164,baptiste.lemaire,Baptiste,Lemaire,baptiste.lemaire@nexlink.fr,Nexlink8849!,c4304f51acf24a783e50ab2d36dce71c,a5efd206a525e39b55fbc2581aff17bbedf2e986c6f543c566d7611e7994a7b1,1e50acc4e022bbca,user,HR,+33685432781,Nice,True,True,False,2022-01-08,2023-05-19
165,NX00165,benjamin.petit,Benjamin,Petit,benjamin.petit@nexlink.fr,P@ssw0rd38,c6a83f0cfe461688a87b900cf5c90327,a8e8d9bc4fc69227740f075edee6314f748628b213d91266f3afdc7cfb5db893,36823b61b13963f2,user,Engineering,+33654331259,Nice,False,True,True,2019-07-25,2023-07-31
166,NX00166,thomas.arnaud,Thomas,Arnaud,thomas.arnaud@nexlink.fr,Welcome768$,cb3a1c405130cc2661658736363c406c,1d09108aac34a67b1ad4253a6efbf9379ff768579b59e926b32ef52856d756ce,075a7cb4c8c79304,manager,Management,+33653106399,Toulouse,True,True,True,2020-02-13,2023-05-28
167,NX00167,paul.robert,Paul,Robert,paul.robert@nexlink.fr,Welcome957@,c7f27da55e4328b5bed15ef2fac7e7e2,7367195ae3d1c0c4b3d4b697475af6a42fb8121cba3c04870aa0edb6312369d2,e1d6c8c84be81718,user,Logistics,+33635006323,Saint-Étienne,True,True,False,2021-03-24,2023-09-11
168,NX00168,sandrine.cordier,Sandrine,Cordier,sandrine.cordier@nexlink.fr,test46,9eec309b5c8122e74a80479de201dce8,53ee022360cb9d4730d15c44fb0f7cf745e60074c6ec20ba4857c3bd8b0cd930,23ce935c8d282171,manager,Management,+33676291802,Saint-Étienne,True,False,False,2022-01-17,2023-09-26
169,NX00169,alice.garcia,Alice,Garcia,alice.garcia@nexlink.fr,Nexlink3662!,bc6177fe0c2072c3103e7b0f35ec4b94,7370879c73b05902d74f6993b47b73c78d7eb01aed6f385064de64e4b26aad21,6bcb3e59c46dbfeb,manager,Management,+33611890348,Nice,True,True,True,2020-06-10,2023-04-06
170,NX00170,romain.moulin,Romain,Moulin,romain.moulin@nexlink.fr,baseballwelcome66,203ad96b05aa5320309c08f31af9f4e6,f26969d8d455e9fc2cd659f06964be7201c0f4b54149debd41abd2d11d3988ca,d287bf6a689c3771,user,Marketing,+33622802372,Marseille,True,True,False,2021-03-31,2023-12-09
171,NX00171,thomas.rousseau,Thomas,Rousseau,thomas.rousseau@nexlink.fr,userdragon97,071843c7befeca74752e63045314a09d,38405cc72916ec3b912b11ae7866ebe6acb1367979d299bece523a42e61de316,ce40026768a66302,user,Support,+33686890296,Paris,True,False,False,2020-09-10,2023-10-26
172,NX00172,pierre.david,Pierre,David,pierre.david@nexlink.fr,pass202252,267ac235c4b89e92c51f7590771ccb7b,43693d3794ef54f9b61f3d5eb5b29d4786f5c3c35e3b55906e9fc9ffd4588b26,03b703ab3060738d,admin,Security,+33625759274,Montpellier,True,True,True,2022-12-11,2023-06-09
173,NX00173,david.roux,David,Roux,david.roux@nexlink.fr,2023dragon96,45a776107975337aa1d5f99e9144fe51,cfd7a66e35a26a3b3aeef4a5dafd5e972b9daff3f9526f9ea08500059ea71287,2a7e0a81caac01ac,user,IT,+33673193474,Rouen,True,True,True,2022-12-08,2023-10-09
174,NX00174,etienne.lecomte,Étienne,Lecomte,etienne.lecomte@nexlink.fr,P@ssw0rd56,2249eae896756ec7711d0ea3991eea1e,1b65b0561f837dd06876d46b799f1f0f849599481bf1cdc1b798943f60a8dc2f,faf380dcfb91e553,user,Security,+33618289024,Reims,True,False,True,2022-03-01,2023-02-27
175,NX00175,laurent.morin,Laurent,Morin,laurent.morin@nexlink.fr,P@ssw0rd66,7ebf8e7aca63de1a197929677e23f8a4,1a0f5d7ec786ca91556916db4df77bc39e1c7656e0635227bcc7fa95ee63cf8c,3eedaedf5d4f8c3c,user,Management,+33675609379,Lyon,False,True,False,2020-02-25,2023-10-26
176,NX00176,yann.nguyen,Yann,Nguyen,yann.nguyen@nexlink.fr,accessadmin72,59b6c9069a31af97fe81b71c8a082262,1f9f9c51c6bf99c3358c8c71b888dc5aed9091047f2ea2e97505000ffdfcd88b,7ad79dcfc1522be5,manager,Management,+33663143336,Toulouse,True,False,False,2020-09-23,2023-01-12
177,NX00177,julien.boyer,Julien,Boyer,julien.boyer@nexlink.fr,Nexlink2044!,bf978979db102a0afe090d841f61d699,d7444ca9a35642d9ff54ae5f48ab1302860f744d8140a1e6004ed902648d39f3,50895143aeff743b,admin,Engineering,+33614259382,Toulouse,False,True,False,2019-05-22,2023-08-30
178,NX00178,ines.chevalier,Inès,Chevalier,ines.chevalier@nexlink.fr,letmeinletmein11,b252e15c66046c6d2b1837ff901b85d6,647ae0f219e92d58bc9921fe6acc9925ed4fe7774522851f207970e95399a6f1,ea9a63b7d8d90d61,admin,Finance,+33625922674,Marseille,False,False,False,2022-08-31,2023-06-28
179,NX00179,nolan.martin,Nolan,Martin,nolan.martin@nexlink.fr,pass69,2914bb1c972f10b0c791d0850402e30e,ce6014b369e7d6914054b7e2c0511738cd91a7a3381af4c444c35248e5396b03,d5bc87529973663b,admin,IT,+33640824989,Bordeaux,False,True,False,2021-12-25,2023-07-14
180,NX00180,alice.garcia,Alice,Garcia,alice.garcia2@nexlink.fr,football94,bfc3a940b98a63df4734bcd22502c9ee,28cfbb93e67f6e01e03a16620cf06d619ca7fdb6e3f93851c3ac5f81ce713b1b,4917e06ae603b397,manager,R&D,+33637659807,Lyon,True,False,False,2019-02-02,2023-05-04
181,NX00181,caroline.petit,Caroline,Petit,caroline.petit@nexlink.fr,Superman145$,645ea71467af96f99232608c105b721d,c762bd3fb62a07354786dd2195ad27f46516a8bccdae4bdac52a3792b7d90235,55a27a36c72f6e01,manager,HR,+33617575790,Marseille,True,True,True,2022-01-10,2023-04-22
182,NX00182,sandrine.bruneau,Sandrine,Bruneau,sandrine.bruneau@nexlink.fr,Nexlink4881!,3673173b7ecd92e2003b7b2da72b3e24,3a9c2e9a6e334369195e4158cdf6f2c8585d05246e5eb0926a7f5626bfbcb60e,b5d205553c3f13cf,user,Security,+33679961132,Bordeaux,False,True,False,2019-10-21,2023-12-05
183,NX00183,charles.dufour,Charles,Dufour,charles.dufour@nexlink.fr,Abc123795$,fed21049e2da8c8eb30adf345af29758,2cfb218781a0a0d68c64f7ae36ac1470bd24f0f6bd1ac299aa930635e51ce6b0,9ce7b7a1ca452bed,admin,Legal,+33696344420,Montpellier,False,False,False,2019-04-07,2023-06-26
184,NX00184,anais.fournier,Anaïs,Fournier,anais.fournier@nexlink.fr,Nexlink7167!,f9274ea4100d3311fd7a4917c0944576,53842dfb6efe3766db87c2ab356cc94799f3e0f6cb1b548376dc961665bd69d3,26c654ae0b0a76ba,user,Communication,+33642342202,Reims,True,True,True,2022-01-06,2023-08-31
185,NX00185,dylan.picard,Dylan,Picard,dylan.picard@nexlink.fr,master62,1628406d2d8bc8757e75806f4aaa176b,d457703b04f7ec24b95c754ecc3046a418d2d3517b0bbb60a8789d79d33dc7e0,581460d574c2b208,manager,Operations,+33662132722,Bordeaux,True,True,False,2021-12-21,2023-03-10
186,NX00186,stephane.lecomte,Stéphane,Lecomte,stephane.lecomte@nexlink.fr,Nexlink2514!,458047020f719d07fbef9256c59119d9,cf292f77d666d161de7dc73023e4d0acbc629ff598059b8e0798ab39c3c3100b,c81b64dcaacc05a2,admin,Accounting,+33646032304,Strasbourg,True,True,False,2020-01-26,2023-01-27
187,NX00187,xavier.lambert,Xavier,Lambert,xavier.lambert@nexlink.fr,Nexlink5967!,9e581beb6ec9e26becea16e6e3da4f27,fc6f9075b8732e6c4ad445d9a700ba185e52b5a18fa46c96598e0fd5d5f64291,3690ab7bfa7fa10f,user,HR,+33674279671,Saint-Étienne,True,False,True,2020-01-25,2023-03-02
188,NX00188,leo.legrand,Léo,Legrand,leo.legrand@nexlink.fr,P@ssw0rd51,bfb6833e601cbef2714b41176e10c1cd,d8ef3e81f338450301046004b286d1f589655729b3f5991a423949c732bef50d,9b96ed6e62232850,user,IT,+33697069904,Nantes,True,True,False,2021-08-12,2023-10-01
189,NX00189,zoe.lefebvre,Zoé,Lefebvre,zoe.lefebvre@nexlink.fr,michaelbaseball41,73625e81e18c19a097bde132427abb70,34bbe000e21ef9819ed2f2ea2587c82c3169ed6ba454bff8c183dc4aa82dbfe9,d1f042e7e0fabcb3,user,Support,+33616135823,Rennes,True,False,False,2020-10-02,2023-07-31
190,NX00190,alexis.arnaud,Alexis,Arnaud,alexis.arnaud@nexlink.fr,P@ssw0rd84,27cebc01ed3a71f22aa9b1085817ebc9,f38a91a56a1fde5e565bfc9213d978ad9d2094327254a96e7002a8db254b09a6,6bdc07cf311fdca7,manager,Sales,+33654273769,Bordeaux,False,False,False,2019-11-09,2023-04-11
191,NX00191,valerie.clement,Valérie,Clément,valerie.clement@nexlink.fr,Nexlink9005!,61860a39b138c68df9060a3c65b8626e,d03b2393e69718fe6cd78bb49885df3a1f2cca0badd857df87cdde830cf0c9c7,c52854ab7b60a034,manager,Legal,+33632718459,Marseille,False,True,True,2019-12-11,2023-06-30
192,NX00192,etienne.robert,Étienne,Robert,etienne.robert@nexlink.fr,baseball95,d99a513ead017c7fb979732f6738185c,912498baac49aed64d37f752dbc97b213dec3a4fe54db58f0f4df4dafa15c584,3b8be6ea569d737f,user,Communication,+33628453800,Reims,True,True,True,2019-01-14,2023-07-31
193,NX00193,thomas.bonnet,Thomas,Bonnet,thomas.bonnet@nexlink.fr,P@ssw0rd68,08a9f90fb7e8c27da85c5d253f0c06da,08c65fe0bb630cd8cb725a0ad8dee354d2113f8187bfbfe5bc4fccb2bce68517,a01e4e578a49b5d8,user,Engineering,+33699490304,Saint-Étienne,False,False,False,2022-06-19,2023-11-23
194,NX00194,thomas.millet,Thomas,Millet,thomas.millet@nexlink.fr,P@ssw0rd62,0a14ffcf026bd0ebd6bb5f670ab60bdc,9fd281d0694ef45b5ffa69db03b25f9c1fc57a726d09c6f5c093707503493afe,5cec53ffacac4a6e,user,Engineering,+33681905550,Toulouse,True,False,True,2021-12-20,2023-05-21
195,NX00195,estelle.andre,Estelle,André,estelle.andre@nexlink.fr,login77,3f24a059d9f3161bb3cd1d09ed543fa1,8e9244be5c5770964adec57409243b220f5c5991d7c0084ce313f014d57a072c,8701a3cb89663299,user,HR,+33680659726,Toulouse,True,True,False,2020-01-29,2023-11-14
196,NX00196,clement.sanchez,Clément,Sanchez,clement.sanchez@nexlink.fr,accessuser90,0f1327935fdc5dc0e2e67afd1414bf67,ee0cb88e085d9615468b206dde46848f688f90b81674eeff2d37adee5d59bf38,cdd9d56b61715cfc,user,Sales,+33697742922,Reims,True,True,False,2022-11-01,2023-02-11
197,NX00197,jade.arnaud,Jade,Arnaud,jade.arnaud@nexlink.fr,adminabc1232,ebb15547b445e37775263a0cbce9cc27,34ad4a235ffcfed038b593356ecf8634d7c34d2187c02235a89fd28612da5ad1,401fff5c920f3b26,user,Marketing,+33696557984,Rouen,True,False,False,2021-10-20,2023-08-11
198,NX00198,david.bonnet,David,Bonnet,david.bonnet@nexlink.fr,P@ssw0rd70,358aa2e2acc64e5c09d436ec6fbb48b7,bd3b51296eb856bc3816e95b72e6edcfb65423d3ae5eed3c7aea3ddf7c283aa4,cd7f7faf9947b04e,user,Engineering,+33647631028,Saint-Étienne,True,True,False,2019-06-02,2023-12-17
199,NX00199,fabien.lambert,Fabien,Lambert,fabien.lambert@nexlink.fr,P@ssw0rd28,3c05e75a0f8b0e30bdb77c453967791c,14efe71f85ea8e6eb150438dbd4f15da2e3e832389132f73217d1dddeb82ee16,2043191fbcbad09e,manager,Security,+33631803703,Rennes,True,False,False,2019-06-07,2023-06-03
200,NX00200,jade.roux,Jade,Roux,jade.roux@nexlink.fr,sunshine54,fdd946a0380f80887f81864902ec5c5f,2b4ebe4503d2bf9d52ae4afba3462e109eeca9d5bbfe22cef387260ee34653ed,466492447f90ee01,user,Marketing,+33620202996,Nantes,False,True,False,2021-06-14,2023-04-29
201,NX00201,noemie.lecomte,Noémie,Lecomte,noemie.lecomte@nexlink.fr,userqwerty71,329f2cb3fa0bf83a8b126ec41124341c,c7dca4264fd4d190d37f437b85a9d30a6a6b70670718f0a7e78dcdff7d16e81c,1af93aff35f05ff4,manager,IT,+33688634827,Montpellier,False,True,True,2020-01-16,2023-12-15
202,NX00202,estelle.garnier,Estelle,Garnier,estelle.garnier@nexlink.fr,password44,9608e3da7f00ffa26507d1aa9a575197,ac4955cef47efdc5a17b916dd18e08f150a5a58b07cf4874bbb8fc8a740cafc9,e7c377561532fae1,user,IT,+33630706693,Nice,False,True,False,2022-12-28,2023-11-21
203,NX00203,francois.martin,François,Martin,francois.martin@nexlink.fr,Nexlink8286!,35418a777278843d821f039e7f39764e,c19e99f0e7777d1a0418ab1f749f4ab2beccfdf0661293eb89434dac850e6bb9,277f22d353ab5212,user,Communication,+33627784789,Lyon,True,True,False,2020-07-06,2023-02-22
204,NX00204,sarah.thomas,Sarah,Thomas,sarah.thomas@nexlink.fr,qwerty80,fe84e2121a8e9d937deea5ca744fef99,3df2ecf78f70da15cd7c9ad7f65ea42bd87e3dc698b977e4c03449aa9a323126,ee970e82a146afe7,user,R&D,+33661705758,Paris,True,True,False,2022-05-09,2023-06-16
205,NX00205,jeremy.pires,Jérémy,Pires,jeremy.pires@nexlink.fr,Access633@,215ed948d03563a3d784e0449ddd73c5,d97215be4346214fc35f76fa53c7810bfb5ad718c30e3d17942aace7f2265a24,b047f86a6216e373,manager,Finance,+33650417154,Toulouse,False,True,False,2019-10-12,2023-05-18
206,NX00206,mathieu.guerin,Mathieu,Guérin,mathieu.guerin@nexlink.fr,passmonkey10,0f67e6a48d519082daec53d620e66d0f,dfadf9db5df23d5d9aa75442cb7b6b057d80e218e522815f0ed1667ecd004abe,4c944c2326b15685,user,Sales,+33676545476,Rennes,True,True,False,2020-05-20,2023-11-17
207,NX00207,lucas.martin,Lucas,Martin,lucas.martin@nexlink.fr,testbaseball80,43fbbe089025f14143774e11a511d0e0,027898fcd907d99cbd954004891fbb6500d92646e7766820209f9c4dd02268ee,411f559909fbf7cf,manager,Communication,+33654927535,Strasbourg,True,True,False,2020-11-05,2023-08-14
208,NX00208,xavier.perrin,Xavier,Perrin,xavier.perrin@nexlink.fr,Letmein426#,89d90a9ba1fd252caa2c48f9c29394c8,58d4cbda33aa217af89b9e2b3cda57d260b9722d3daa369d835a4b70e23e05c4,810719e7fce1dea8,manager,R&D,+33660473288,Toulouse,False,True,False,2020-05-11,2023-06-16
209,NX00209,philippe.riviere,Philippe,Rivière,philippe.riviere@nexlink.fr,Trustno1886*,63acbc205950f2a0a83a9a1ca0bf5e87,16daa28ed9d0cb44bb79bcc7200fb70de23788a3ac71f9ce749be1306b1841dc,ac8d49b2910e1242,user,Accounting,+33638138531,Lille,True,False,False,2021-08-03,2023-12-29
210,NX00210,delphine.gallet,Delphine,Gallet,delphine.gallet@nexlink.fr,Abc123410@,6c548311245695679ea514f10d0c7ee6,acd407756b75af3072e69c1755af19222872978ef36bb8be7ac5ef1b5613ec5f,4d2c40653c5337b2,user,Management,+33660598851,Lyon,False,False,False,2019-11-12,2023-08-05
211,NX00211,isabelle.meyer,Isabelle,Meyer,isabelle.meyer@nexlink.fr,masteradmin47,09a5125264c03e7037de851b2065e290,195059fef8ee9b3ac356912282d40b8137eee6943ad2c387491c1707a8d571f7,26a38cf0305fb5e5,admin,R&D,+33624679315,Rouen,True,False,True,2022-07-30,2023-02-13
212,NX00212,lea.moulin,Léa,Moulin,lea.moulin@nexlink.fr,access92,5728f702aa95a786c85f96f566c1ff1a,95df86607f28cc4c38c6001f6033993482063107210522cad19ebbd0beb79da1,6c167590b0d2e341,manager,Communication,+33624219637,Paris,True,True,False,2020-11-10,2023-08-09
213,NX00213,florian.fontaine,Florian,Fontaine,florian.fontaine@nexlink.fr,dragonmichael87,f911d865ec2c49e83f78c449ff47d1c5,16929f20c8d2f9a804a819b50a750acd99fecac0e154b5ae37cd3b6a4134e073,e1a812b8ce2ffe94,admin,Finance,+33674796438,Lyon,True,True,False,2020-12-07,2023-01-13
214,NX00214,nolan.vincent,Nolan,Vincent,nolan.vincent@nexlink.fr,Nexlink6110!,abeddef6a07ed34751168223526e4e60,5662b2bdef1d126df6ea5133353b38d5b9b1018d80e13ce9833945cfececa6b6,b98fed83a8572c32,user,Legal,+33674817230,Nantes,False,True,False,2020-02-28,2023-09-24
215,NX00215,elisa.leroy,Élisa,Leroy,elisa.leroy@nexlink.fr,Nexlink1732!,3d5beaf0113d01b3647d6861131c3b9c,bca44d5f6cbadea0d6465bc5e94fffdea4d606fc88adc2ae50533ccfd09f2095,32a9727809438f20,user,Engineering,+33624678410,Montpellier,True,False,False,2020-12-03,2023-11-28
216,NX00216,charles.morel,Charles,Morel,charles.morel@nexlink.fr,Nexlink7985!,525958d83e042537853e703f478296fa,0afe193ed40c03dc34959b1939217751ebb4672cf78cb27de3f65b0fbaae0d97,a3d05a9185203524,manager,HR,+33634756698,Marseille,False,True,False,2021-04-09,2023-11-19
217,NX00217,florian.dufour,Florian,Dufour,florian.dufour@nexlink.fr,letmeinnexlink91,9a7c80d598d1c6017a9b8aa54a8df997,54a8e198567dafad1419eca1fd6b8024cab12e0a053059d0b3b6678c69ff1e05,5437da2725d0a5b0,user,HR,+33618397164,Rennes,True,False,False,2020-07-24,2023-12-27
218,NX00218,elisa.dupont,Élisa,Dupont,elisa.dupont@nexlink.fr,login12386,55dff1c92d534edf6c86d43e59965df8,3edef04db46400b23c296a7ec37aee1ba5ac9f23badde87b9c7f26d3ce0c46a4,0f215cda6fd5233a,manager,Operations,+33690124068,Strasbourg,False,False,False,2022-08-01,2023-06-10
219,NX00219,clara.renard,Clara,Renard,clara.renard@nexlink.fr,P@ssw0rd32,323084c9f3bc0459e57a3c32a30d6778,1730f378c434cff6760cec0915f8e546d8b89a6b1fb630be46e4757102785273,f3e5453e33797061,user,Security,+33621375216,Montpellier,True,True,False,2022-06-12,2023-10-30
220,NX00220,lucas.garcia,Lucas,Garcia,lucas.garcia@nexlink.fr,Qwerty810@,85c4382e70533babba49bfea2555f034,ffe853f405ceba027eeb8ccc11d80a6fae6cb1dfd79458f4efda57ed9985941d,e510b40047edb4f5,admin,IT,+33628504235,Rennes,False,True,False,2021-05-06,2023-11-02
221,NX00221,celine.millet,Céline,Millet,celine.millet@nexlink.fr,Master270$,b6add2f071b7f3e0d23583396e0df13f,cf71a255a1dce0844d75bc05473cf657c2736617bce5a076edfe739eb27316b5,3e82a701651565fb,user,Finance,+33670532325,Rennes,True,True,False,2020-01-19,2023-06-11
222,NX00222,lucie.mercier,Lucie,Mercier,lucie.mercier@nexlink.fr,mastersunshine84,39fccd7b2c63bb7da89a5140f8dbbd84,c2e5c7d90c714aa3264485215304c890d3a361c207e39afd55e3a6e613e963ea,d1b4539bbbb8dbd2,manager,IT,+33665784972,Nice,False,True,False,2022-11-03,2023-09-09
223,NX00223,eric.thomas,Éric,Thomas,eric.thomas@nexlink.fr,Pass133#,fef8ab7190ecce401f64233d2dca5091,183d7bc5e91d4d0031152596e60f7ed787eae308ab994f34611bbbab93127dc4,36873e8529a5b735,user,Operations,+33671380637,Rennes,False,False,True,2020-08-14,2023-03-28
224,NX00224,eric.garcia,Éric,Garcia,eric.garcia@nexlink.fr,Nexlink9898!,c14535a161d2a60281d258f272b308ae,3caefe3b25c8dc6552ca49983858b9093c51999027f351e14ac83110b4902706,b5ad650b3d61946a,user,Operations,+33683330295,Bordeaux,False,True,True,2019-03-27,2023-08-14
225,NX00225,lucas.robert,Lucas,Robert,lucas.robert@nexlink.fr,123qwerty12,639f5053b55d9e7416bc221b80215d89,c91fe6a9a0e13b83515cf5c2aea0ae7d741d16b63d9ef1cfb6133b3464d8fa52,c9cba2abf810f2a2,manager,Logistics,+33638169370,Rouen,True,False,True,2019-08-29,2023-05-02
226,NX00226,lea.moulin,Léa,Moulin,lea.moulin2@nexlink.fr,Football311@,b58d97d1131f60b1939c8bef0041272e,d3064a17ca3ce403737ab3f05d33da4835acb066416bb5d9390c266a74e948ff,880797a18603f134,user,R&D,+33647726592,Rennes,True,True,True,2020-12-19,2023-09-30
227,NX00227,marine.leclerc,Marine,Leclerc,marine.leclerc@nexlink.fr,Nexlink9428!,07c136d874b2578951120dc92a2ef77a,db91ded938a806c1011ad59b1aed0dbceb72dc8b3a182bd8f6ceb6a6cac84e2c,31b2d868fa365db6,user,Finance,+33647221734,Reims,True,False,False,2021-04-22,2023-01-31
228,NX00228,matthieu.morin,Matthieu,Morin,matthieu.morin@nexlink.fr,Michael963$,92d81d12cae60d11e3bce6ba657988a3,63e2a399f3c7821d9879504a2e2e2a45522f5ca19333ce09d3c11659810f5e07,3ab5bd727d6fb14f,manager,Finance,+33646066605,Montpellier,False,True,False,2022-03-28,2023-11-20
229,NX00229,jean.laurent,Jean,Laurent,jean.laurent@nexlink.fr,sunshinesuperman36,0ff1f29cc8f00d9fdc592e315b8e9887,c3dee8aa1b8fe49de3d2a12a3c4265cc41b0d0fe40a066567020a6ec92d17033,2943950749361807,user,Legal,+33688108751,Paris,True,False,False,2021-09-26,2023-06-17
230,NX00230,claire.millet,Claire,Millet,claire.millet@nexlink.fr,securwelcome28,9450238f4e68a0907b49c6538cdac3a1,43a8da05f3d536fb804c909c8308ba1bc21e7d1b56d2a665fc78a8931c9fbc5d,166c54336afd7d22,manager,Sales,+33655332729,Grenoble,True,False,False,2020-10-23,2023-05-26
231,NX00231,delphine.petit,Delphine,Petit,delphine.petit@nexlink.fr,login90,d02578b96a02f2a6d6b9c025568e9058,17c2ed00c2708d830f3f19593901e8d9aac59bf194e1626ad6d8b5169343e32e,b9e86991d49c2b57,manager,Engineering,+33669228397,Lille,True,True,False,2019-09-12,2023-03-22
232,NX00232,axel.roussel,Axel,Roussel,axel.roussel@nexlink.fr,123195#,72487cc2b1e18a18632a2e67b322a4d9,f10bfad01f9cb69b4d42bd23dba09c356fe313fa1aa3e51f88aa928b3589c8aa,100ed632150e7b10,user,Marketing,+33697095388,Marseille,True,True,True,2021-01-31,2023-12-07
233,NX00233,beatrice.martinez,Béatrice,Martinez,beatrice.martinez@nexlink.fr,abc123password91,0d3a39da0a95ae08887f25a8a0c29f18,151386794b334946d14624265eba6e2f84977a8755761a0a54d7a7a0ed467cea,d72810d460e4ad8c,user,Engineering,+33620460758,Marseille,True,False,True,2020-03-13,2023-09-02
234,NX00234,sophie.bernard,Sophie,Bernard,sophie.bernard@nexlink.fr,Nexlink2975!,7e315bb880c1fb2cfb503ab7b508f94b,53e4028f6b4384ba5b20f6cb213adc1cfaadac9bb6091462e2152bff3895ce6c,ec4095815b03082e,manager,Accounting,+33619506414,Bordeaux,False,True,True,2019-09-28,2023-09-02
235,NX00235,alexandre.perrin,Alexandre,Perrin,alexandre.perrin@nexlink.fr,Nexlink5902!,3305ed841f51a711936cf7ba6ed96cf0,fb14e2b51e70f9a3f5d3c5957156d713c3b60bd605c820ba89264086f6f54f0b,0964b3464dfe11d0,user,IT,+33629173414,Lyon,True,False,True,2019-09-30,2023-11-25
236,NX00236,florian.gauthier,Florian,Gauthier,florian.gauthier@nexlink.fr,Abc123866@,b3129a717533809db766386591210ae4,7c47161be3816a5c83f76918b2854054229710fb6cd381246aefc82a21bf7617,a5ab761398ed1394,manager,R&D,+33639158087,Lyon,True,True,False,2022-11-07,2023-08-15
237,NX00237,clara.boyer,Clara,Boyer,clara.boyer@nexlink.fr,Nexlink3290!,a610fece63579cd1d7e82ec9e4c17145,f2c683fb4ed768c00e8965ee502cb3703238ce11f85c2ed9c16a688fb6fbf6f7,d8a52680dd25d3a7,user,Sales,+33643308414,Grenoble,True,False,False,2022-08-13,2023-02-13
238,NX00238,pauline.marchand,Pauline,Marchand,pauline.marchand@nexlink.fr,P@ssw0rd75,c941a6453c808c259db3ecf6d253be92,ea0e4a3c54d27bd6dcd488710e2f88c7844019155f8e1c00bad80db9546a01ed,96858769927c0b02,user,Accounting,+33696727439,Paris,True,True,False,2021-03-13,2023-06-01
239,NX00239,benjamin.gallet,Benjamin,Gallet,benjamin.gallet@nexlink.fr,P@ssw0rd19,cd48e25fd12915aae0e187c73eca5ea0,5d7b305eeea0886b35711ffcf513351b7e4c8c5c2b3b0c2024b2f22abd027cbb,ebf6c3cbb732e5e4,admin,Security,+33652476240,Marseille,False,False,False,2019-01-25,2023-07-04
240,NX00240,isabelle.andre,Isabelle,André,isabelle.andre@nexlink.fr,michaelpassword3,fba652c07bafebfccc928416c8c36b6a,058b14c0503048587c26ca83c6c75b65cd17fc7d0bb2845957d5f0cd656be625,e9fd392db07653c1,user,Engineering,+33615345470,Saint-Étienne,True,True,True,2020-06-20,2023-04-21
241,NX00241,celine.meyer,Céline,Meyer,celine.meyer@nexlink.fr,welcomeshadow52,9c5edadb9145d83a040b2c38fdf16443,25a092626a3de3325ad9c9339d8e7ad82637c56467e51a53707a884531929d1d,a3d113d383a6db3a,user,Management,+33692684436,Marseille,True,True,False,2022-01-03,2023-10-03
242,NX00242,yann.lambert,Yann,Lambert,yann.lambert@nexlink.fr,Master434$,a5a01503d0af276f0252c220ed4a3e1d,d9a9b99d9543c6f54518ae6133e288d13cfe333b2ae3ecf660b3d8ef2e85abed,67589a54c75cca82,user,Sales,+33642029368,Paris,True,True,False,2022-12-01,2023-08-12
243,NX00243,adrien.moulin,Adrien,Moulin,adrien.moulin@nexlink.fr,P@ssw0rd17,2df864142b2be2d10a0af63a5c01726e,61ff6fbced43a9da5066957f4b48ae4613220e9b02061e2f7259031c79e86355,25b49894fba1d5a0,user,Management,+33626031369,Paris,True,False,False,2022-09-09,2023-03-31
244,NX00244,remi.gauthier,Rémi,Gauthier,remi.gauthier@nexlink.fr,P@ssw0rd76,6ad4c183b698e5b5796f7e3075e058fa,7914f4fb76ff11980b977e1333be04efc3de395a40610ec6163bbeb0f07f09f8,05ed62d990e76865,user,Finance,+33646072958,Nice,True,True,False,2021-01-31,2023-03-06
245,NX00245,cecile.noel,Cécile,Noel,cecile.noel@nexlink.fr,12383,47e03d48d5f53f03563daa7f1373fb09,4df4380203ee709a4d30eee28dc64841abe236c683153cb90db19bf8a899b7f7,3c176561093b2cad,user,Legal,+33658335011,Paris,False,False,False,2021-07-21,2023-09-19
246,NX00246,lea.faure,Léa,Faure,lea.faure@nexlink.fr,access96,004c56297768439dd97d46abe212ed73,ecdba36845664a0ef7db4dd960005d6629b2775864df9463a1ef109f84f46fba,251340e765536053,user,HR,+33615910667,Reims,True,True,False,2021-11-08,2023-01-02
247,NX00247,ines.robin,Inès,Robin,ines.robin@nexlink.fr,2022978!,5a20cbbc8e4064ad962645a4f71316c0,64a41f80b01b1c7bda66b62e060bd7b683f07fcaa4f6927d0f021a8ac609fb2f,3deaadef633d91e2,admin,Communication,+33640133935,Nantes,True,True,True,2022-09-04,2023-08-03
248,NX00248,cecile.moreau,Cécile,Moreau,cecile.moreau@nexlink.fr,P@ssw0rd57,acd76c995fa1bfa4eeb4a96a6fd87f3e,4a3e777f382eed8500652a8ebb90af19b28a3aa32c50c70bfcbcb440b2c76b30,1b4c311c684e7dd5,user,Operations,+33634071191,Bordeaux,True,True,False,2022-10-10,2023-01-27
249,NX00249,marine.nicolas,Marine,Nicolas,marine.nicolas@nexlink.fr,Nexlink2415!,36eb64c3e15bd9ed04fd75ee01a4d611,ffc23becbe86adfba283ab90f581325daf6e135c1b31b6b9d7d899c0a2173784,1d6887424fa8dd7b,admin,Legal,+33636933626,Toulouse,True,False,True,2019-01-17,2023-07-08
250,NX00250,adrien.fontaine,Adrien,Fontaine,adrien.fontaine@nexlink.fr,P@ssw0rd73,1c03df1874d6bf3c9135965203e57ef1,285f70d7432c8e6e5782bea755e48679d660bab6eb2dac27fcc01f71680d4bd7,cfd11ae4bb879ea8,user,Accounting,+33630208677,Paris,False,True,False,2022-01-24,2023-05-06
251,NX00251,celine.bernard,Céline,Bernard,celine.bernard@nexlink.fr,Nexlink1023!,b26f519dc3b95c5cb4cf4ca38ea608b0,1f79a64eae38d780f57837a7024ba5a6405098d0f8668d7225516ec9e5259e0e,e4a9c10091ba6492,manager,Logistics,+33637540722,Grenoble,True,True,False,2020-09-21,2023-02-23
252,NX00252,denis.vincent,Denis,Vincent,denis.vincent@nexlink.fr,Nexlink2524!,3d5a49b97819abacc60cb18b784aa39b,ca4c243aaed2725f4e9e276e7a425e981b11a93f790b469ab91daa24e36f3077,3e682c8af4c60920,user,Security,+33665439545,Nice,True,True,True,2020-04-19,2023-09-24
253,NX00253,philippe.lefebvre,Philippe,Lefebvre,philippe.lefebvre@nexlink.fr,P@ssw0rd27,6ef965128e70d72648b18d2853ba85c2,2fc9693f7f952cf6bf24f0145a499cbccf94dada11743b037479f15d9065c1bc,96265d73fd5e5680,manager,Marketing,+33618359464,Strasbourg,True,True,False,2022-04-27,2023-10-18
254,NX00254,elisa.masson,Élisa,Masson,elisa.masson@nexlink.fr,Nexlink6211!,2f882f151b7827945f0a7b04e0a9f6ef,a23d4a11f698a97eec81a10fc2d3506c9b8e38efc5f7b2ebce9b7317e5eece78,fe9ab2f2e612e0bc,manager,Sales,+33637207628,Marseille,True,True,False,2020-04-23,2023-02-08
255,NX00255,florian.picard,Florian,Picard,florian.picard@nexlink.fr,Nexlink7660!,ec31e4c3f7056578b10b60941fd68936,41ef17870cdb8bdd30eacf581c902355ec6280c04340259a729d961bf3d52a72,1f6abcd194403124,user,Operations,+33670655283,Toulouse,False,True,False,2021-01-03,2023-04-17
256,NX00256,laurent.roussel,Laurent,Roussel,laurent.roussel@nexlink.fr,P@ssw0rd15,a621d8e5d8d6db974f791aaa11de3656,c5e3a6c9035d63a42ca258de841edbb273e3f0359950e57177c5a6a09629e307,bf17fc92016b3314,user,Logistics,+33622242388,Nice,True,True,False,2020-11-02,2023-03-17
257,NX00257,simon.roussel,Simon,Roussel,simon.roussel@nexlink.fr,Nexlink3848!,e6c923e647484b0b5f535d958d674d9a,b9f6ec734efd841ca3c34d72666f64f99e95602459e5a51b8bbb23ed7359c095,481fcbde692a4464,user,IT,+33683835976,Bordeaux,True,True,False,2021-07-15,2023-10-12
258,NX00258,christophe.bernard,Christophe,Bernard,christophe.bernard@nexlink.fr,baseball38,03000aa12048f2d70bce91c3f2524259,1eb915be9573d91510e7210cfc33296dc98b980f7e7408503960653e077c1fe8,dc610e5ef5ae4702,user,HR,+33694597104,Montpellier,True,False,True,2021-03-31,2023-07-10
259,NX00259,nadege.moreau,Nadège,Moreau,nadege.moreau@nexlink.fr,password35,48ad74b74844fadd28274afd5c617ccf,f5a29dc5dfa7ea0fc42c995c9fa8ebfba771ab9b710f4411f582a1106be9f465,886c3a9fc0f0ab94,manager,Communication,+33654499873,Lyon,True,True,False,2019-09-21,2023-02-17
260,NX00260,stephane.leclerc,Stéphane,Leclerc,stephane.leclerc@nexlink.fr,baseballsuperman51,ce78a3e75ee7f6e63bbc6e3cc33cafaa,f1d7383154480ae7d8921f94edf139ef50d154a0b4cb6bf99b5c3e5f4111784e,efcc70762d675a9f,manager,Engineering,+33667265875,Marseille,True,True,False,2021-02-22,2023-12-16
261,NX00261,cecile.lecomte,Cécile,Lecomte,cecile.lecomte@nexlink.fr,Admin728*,d1870caa1225a7b1e28f679cc2cdc6ac,fbf659c4ab2aead5bcf91e49da9ed7eacec999b4681c775ba03150aa03983546,c713caab38877dc2,user,Management,+33665296657,Saint-Étienne,False,True,False,2020-08-27,2023-09-13
262,NX00262,jade.roux,Jade,Roux,jade.roux2@nexlink.fr,securabc12368,89c434508e69159d3c1444bd54a430c6,8de5573450781d96629e8c5a84bb23fcb80ee5ea2c7b1f89b3b853a925b2e63f,dd436eace6c54574,user,Management,+33661338023,Rouen,True,True,True,2022-01-18,2023-01-10
263,NX00263,clara.adam,Clara,Adam,clara.adam@nexlink.fr,P@ssw0rd51,bfb6833e601cbef2714b41176e10c1cd,40b750ee7ec0e8755686db254ad2fdb3b44e05f5fa42b54a9e431aee4100b8f2,e6d4367329507337,manager,Sales,+33652799022,Rennes,True,True,False,2020-01-04,2023-01-14
264,NX00264,dylan.vidal,Dylan,Vidal,dylan.vidal@nexlink.fr,P@ssw0rd55,323180a7e6a101c47e764b438c7d3898,4a961eeb08c2be2fbb7addf03feb77b72fb0dfe89e9c35a72a1b5daf4a95e07e,25eef3bb10f63e98,user,Finance,+33698162850,Bordeaux,True,False,True,2019-07-25,2023-05-07
265,NX00265,thibault.francois,Thibault,François,thibault.francois@nexlink.fr,P@ssw0rd59,a03aba6069a479989844eb028e5f3aff,33cec0a4eca807c178c980b356e0aa2e127a9a385eb83bbe9361e520761d0e90,2f88fffc89572af4,user,Security,+33641749355,Rennes,True,False,True,2019-12-22,2023-04-01
266,NX00266,veronique.thomas,Véronique,Thomas,veronique.thomas@nexlink.fr,Nexlink3328!,cd0f3fa1ce61251d586c4e098a06644c,85918b5a163f50b539ac16800c1a96f029c92c2da85029ae47bbd13bfd167d60,831f75c2c5cf1b9d,user,Logistics,+33651480401,Marseille,False,True,False,2021-10-05,2023-10-05
267,NX00267,david.cordier,David,Cordier,david.cordier@nexlink.fr,Nexlink639$,3d8001768a3dfa667546b595b496e151,abcbe28a2c55882f5723aca9fd75de92b0c6c64022ffaea3655df8aadd297e32,afc3119acf788048,user,Support,+33627514010,Nantes,True,True,False,2022-06-11,2023-04-14
268,NX00268,matthieu.dufour,Matthieu,Dufour,matthieu.dufour@nexlink.fr,Michael213*,bfa163cd1d294c0f74f24e6644d51ce5,fc0553ee78be70ae324b133d141406c2f4fe42d5b35b9262244009eb520e424e,6a761864ad226147,user,Marketing,+33698870866,Strasbourg,True,True,False,2021-02-04,2023-12-27
269,NX00269,lucie.morel,Lucie,Morel,lucie.morel@nexlink.fr,footballabc12363,1b983a007aa00033924ef7a01017fbdc,94026fb3c5194bd9d327cb9b4f0e9bcec56f8bf59841b48ea060160ac9ac4c2d,ddbd13102945c478,user,Finance,+33692370625,Rouen,True,True,True,2022-12-19,2023-10-15
270,NX00270,theo.nicolas,Théo,Nicolas,theo.nicolas@nexlink.fr,Nexlink3086!,bfbd09c5e9f751a83084a9ed981433f2,a66bdef6f2f392210f782e5d3bad2de8545ba946f8077b1b1418e97d09ac4545,d0b8bb973cbf82f6,user,Accounting,+33686884584,Strasbourg,True,True,True,2019-01-04,2023-12-26
271,NX00271,estelle.moulin,Estelle,Moulin,estelle.moulin@nexlink.fr,Abc123679!,d47cec95169dfa5e0802722b19907edb,52fc4dd1829c36f04f5f90cf31fd076c66acd141488b282465f1fe16cf76c941,851b177717835ab0,manager,Finance,+33641943272,Nantes,True,True,True,2020-11-09,2023-02-09
272,NX00272,enzo.mathieu,Enzo,Mathieu,enzo.mathieu@nexlink.fr,nexlink12327,34062300174fcc1dfb7023ede521bac2,fd3e5259ef0b8a33d0ebad3af690e93e1466e0e415ec89686c7d0cfcfac19a36,9a3b9ba6dbcacd8e,user,Accounting,+33644448045,Rouen,True,False,False,2019-05-19,2023-06-29
273,NX00273,theo.lemaire,Théo,Lemaire,theo.lemaire@nexlink.fr,2022welcome64,70352e9d0310a5e15a83c82c926ce73a,b76b97e19775272b445fdf93d32d8d73b9c3723c9bf7f51cc68f3b7b15888da0,4a36667565759bab,manager,Support,+33623613510,Reims,False,False,True,2022-01-23,2023-07-12
274,NX00274,laurent.lecomte,Laurent,Lecomte,laurent.lecomte@nexlink.fr,football14,47886c14f317c896fa1a86efea93d868,eaf210e4d822a8f7aa349aa734b32d46ea89cfb6dcbe9920ef85ab2f2c0b0450,3c5a4692a7c6ff1f,user,Engineering,+33624055958,Lyon,True,True,False,2020-10-14,2023-05-14
275,NX00275,jeremy.moreau,Jérémy,Moreau,jeremy.moreau@nexlink.fr,P@ssw0rd21,50f1e75533e5728d2708242649e4b6d6,71a4506f9f956b287c86d906ad372846d07f74085367d9a2e5a46eb167758481,2f38c53c6e50ae03,user,R&D,+33614159837,Strasbourg,True,False,False,2022-06-10,2023-09-05
276,NX00276,pierre.lefebvre,Pierre,Lefebvre,pierre.lefebvre@nexlink.fr,Nexlink4367!,c7da265ea2ba13ef927116673b6fe1bb,6ba5b0bf04348b6f08511e3418626ac57588180cd17989c331d42e144ccb6e6c,52e1c8448f08a025,user,IT,+33682494408,Toulouse,True,True,False,2022-11-28,2023-10-11
277,NX00277,pierre.masson,Pierre,Masson,pierre.masson@nexlink.fr,P@ssw0rd80,2808e713ae594555cc91e273d7f7c694,1e18ff70afb1ff38d4f98664260483ebfb512c13981418673522849ed0a916f3,aa103842ca4ca0cd,manager,Finance,+33610512117,Strasbourg,True,True,True,2019-04-22,2023-07-04
278,NX00278,alice.lefebvre,Alice,Lefebvre,alice.lefebvre@nexlink.fr,secur31,8ee5952f09fa1a74b67abc9c99320896,f99c85c5446073cbeb5d7f5a87f99cc84a3629b11aa54d820e9ddc7a51ebcbee,fbe919979085e6f2,user,Marketing,+33651386492,Rouen,False,True,False,2021-08-27,2023-03-01
279,NX00279,laura.riviere,Laura,Rivière,laura.riviere@nexlink.fr,2022qwerty49,ca45c1c4c17a04378eee870eb564fd9b,7a567dc006d22c01dc90f198a4b98b19059bd567c34887f7630188c5258af837,dadf8b8f475ed943,user,Finance,+33645338986,Lille,False,True,False,2021-07-01,2023-01-23
280,NX00280,sandrine.durand,Sandrine,Durand,sandrine.durand@nexlink.fr,Michael813!,a0f27019eb95791abe37c7db7af11961,bc5008b1c3016c1a7302d05357373f234dd8ead829a08acfd337396c0c99e055,5a857b1de4d1141b,user,Management,+33665564347,Rouen,True,False,False,2020-12-05,2023-10-05
281,NX00281,nadege.marchand,Nadège,Marchand,nadege.marchand@nexlink.fr,mastertrustno161,8ff952f963eea2b97879efc9f7e87365,ec1d7e9f6529852ed7625ff318c7b31fc5350be57008f03461a062c61b53ed7e,e06d08d23ce75647,user,Legal,+33662989744,Saint-Étienne,True,False,True,2020-09-04,2023-02-10
282,NX00282,christophe.lecomte,Christophe,Lecomte,christophe.lecomte@nexlink.fr,2022316@,eb0e9a234c110aa90d8c5d2589d95100,35d4a8c918afba407a3cd6daf5959cfbac002bd41146870b89900ce98cac2d18,66615129527fd9d2,user,Engineering,+33668437492,Bordeaux,True,False,False,2021-05-17,2023-02-10
283,NX00283,beatrice.leroy,Béatrice,Leroy,beatrice.leroy@nexlink.fr,letmein81,5662b380f1ba097885083d62fc01792a,618da3b230fd381ea0e06f222d07470ce6f93cf43c0302872d7410cbf7933476,6c5659c908fd6038,manager,Operations,+33679751366,Lille,True,False,True,2020-10-29,2023-05-22
284,NX00284,emma.nguyen,Emma,Nguyen,emma.nguyen@nexlink.fr,2023680*,5735e17f1c4ddbe89509e120f2213b8c,6e91532b25305d71c0f3359eeb53c48637d80f53d1fd14a957cc2619985b45e3,b30c831c37b1920c,user,Security,+33623554707,Rouen,True,False,False,2019-08-05,2023-10-16
285,NX00285,emilie.robin,Émilie,Robin,emilie.robin@nexlink.fr,accessiloveyou61,f122b8f4e1ffc087034642eaa9375c8b,294fb11267a46b9d837295b7d16b3f9e64eadea8c153ba47804f961f180e5b62,dc1c75e76bfbbc67,user,Finance,+33629307578,Rennes,False,True,False,2020-07-18,2023-07-26
286,NX00286,audrey.legrand,Audrey,Legrand,audrey.legrand@nexlink.fr,superman70,21a32737ce0398d579ab7bbbb9e2fd1c,c7ba5f7d64d8b21eee7279357f852f44e88bf5da0ac0086c20b3d4c34eb10d53,424914da5bddb9a0,user,Security,+33655347617,Reims,True,True,False,2021-02-01,2023-01-11
287,NX00287,audrey.lefebvre,Audrey,Lefebvre,audrey.lefebvre@nexlink.fr,2023407$,9a352336299464604721e371cccdc964,3225fd32d9a30fff41f936fd0d043cccb5fed992711a862a74e7a2630bbf94f7,f59aa45db39170ec,user,Sales,+33696644900,Lyon,True,True,False,2021-05-03,2023-11-06
288,NX00288,helene.roy,Hélène,Roy,helene.roy@nexlink.fr,P@ssw0rd57,acd76c995fa1bfa4eeb4a96a6fd87f3e,2c9c4334b89cba0eba52949cc5459e68feb784b39f101578ca76058bebd67452,198387b5eac23c92,user,Operations,+33651758234,Nice,False,True,True,2019-11-22,2023-02-03
289,NX00289,romain.mercier,Romain,Mercier,romain.mercier@nexlink.fr,Baseball159@,1ccf1573bfca94675b8ae91b3b5dd139,72509fa2cc4c5c07ba4a99cbb4867f83b15ccdb8d9fff896817f3ae4755c5555,c07c044b5b90a98c,user,Legal,+33636724061,Toulouse,True,True,True,2019-04-14,2023-07-04
290,NX00290,celine.david,Céline,David,celine.david@nexlink.fr,user57,0699ddd40db0b8a986ecf120f5b872e5,951d37bc69b859c4ef7bbd40c929fc267f84a18d29281a660e6a3217ff117d8a,a20a9f36cb5e8b23,manager,R&D,+33673697356,Rennes,True,True,False,2021-07-02,2023-04-01
291,NX00291,helene.laurent,Hélène,Laurent,helene.laurent@nexlink.fr,Nexlink1449!,9836e44c4b612702a1a2dac950f815a0,0c29767c9827ba74d0228af7437b42e8cb139294ce3cc6e4765f70bc7a9e8d3e,0b427ea204b23b07,manager,Engineering,+33638765353,Reims,True,False,False,2019-11-30,2023-10-20
292,NX00292,quentin.gerard,Quentin,Gerard,quentin.gerard@nexlink.fr,P@ssw0rd12,d93541a89cf3cc178b291ac63db01f3b,9c9f2ea334d78ac0f96b896c6bc26cb61cd9b71f557f280e472f2bd67bd6a409,160c13090f19122d,user,Legal,+33633246598,Rennes,True,True,False,2019-09-28,2023-11-28
293,NX00293,laure.guerin,Laure,Guérin,laure.guerin@nexlink.fr,letmeinqwerty59,875fb4455fae25927d7235406e7ac34e,6675b1561b116b77cc3e81c46e34d8d17dd3f225be8275d8ec6d1d895d4a763d,8131afa545c8b19e,user,HR,+33679878835,Reims,False,False,False,2021-08-13,2023-06-04
294,NX00294,yann.fontaine,Yann,Fontaine,yann.fontaine@nexlink.fr,P@ssw0rd92,68abebad17acd20b8bb38abf8db4fa67,80ac1780d8815f64df21f444ff920e53f69d33bd1ca87114aede31247e3288ce,c1aee8e08ae4aae8,user,Sales,+33674657836,Lyon,True,True,True,2022-11-02,2023-02-25
295,NX00295,cecile.rousseau,Cécile,Rousseau,cecile.rousseau@nexlink.fr,Nexlink4086!,24c5d7440bfc603d3a83cd331f5c386a,3a92bab2757f965be031f6b76c075d31bfd02622ff492e646f7ba326f74bd765,1775c6a5c5bdac18,user,Operations,+33690535106,Strasbourg,True,False,False,2020-05-07,2023-01-30
296,NX00296,michel.gallet,Michel,Gallet,michel.gallet@nexlink.fr,Nexlink5250!,819f8411523351bcf58733ca179ff318,6e5c001a232dca8b6005f6489a1956cced9cb5ce436f49231b2e10cfafe02d66,cd389c3f624c7dc9,manager,IT,+33688252116,Nice,True,True,True,2021-03-06,2023-01-19
297,NX00297,simon.millet,Simon,Millet,simon.millet@nexlink.fr,trustno1qwerty65,9040abeb2ced6abf0cc853d925ba6b9c,fa33ab5bcefc976299f8597bc359b22fdb5b5ebd527f08566f66e5aefc0c11ca,69bd74f3ed26a397,user,Logistics,+33684926784,Marseille,True,True,False,2019-12-15,2023-12-03
298,NX00298,gauthier.rousseau,Gauthier,Rousseau,gauthier.rousseau@nexlink.fr,P@ssw0rd33,99a7d850a11b1717bddaf9962d4b7618,82decfccc8633bd6e651f951142279a4b32c391353ef8e1281ae3af595560cc4,680e44d4fbd280aa,user,Management,+33657685330,Bordeaux,True,True,False,2019-07-02,2023-04-24
299,NX00299,emilie.aubert,Émilie,Aubert,emilie.aubert@nexlink.fr,Nexlink8598!,1ad8d35f78998f27e5808307dee754ad,85a11d607af47c400cca9f452355e4381e974fd4300bd88d180f701612cb0de3,1324d8d38cf4f0d2,user,Legal,+33688326059,Rennes,True,True,False,2019-04-20,2023-11-21
300,NX00300,robin.chevalier,Robin,Chevalier,robin.chevalier@nexlink.fr,P@ssw0rd48,a55733a3ccbe4e49e3fa213906a62321,e677b29b6e84924633f468f80fc34d8949288922a74edf562b33e6a6196a7714,03bf672901698aab,manager,Engineering,+33636883353,Nantes,False,False,False,2019-11-05,2023-03-12
301,NX00301,arthur.lefevre,Arthur,Lefèvre,arthur.lefevre@nexlink.fr,monkey52,9953e6809750fefe2ba4806821fd57cb,47d18d8634dbf090bd3d9639730f2b5e909375b542bb3830b2553fd0acf56c79,a26d67d53fd77c6a,user,Support,+33610632635,Lille,True,True,False,2022-07-23,2023-01-30
302,NX00302,remi.laurent,Rémi,Laurent,remi.laurent@nexlink.fr,Iloveyou544$,366f9f5bc05f061b3c2b344075f0333b,7543bad16d3fa323d41e4bd26d3ba7652d0c0f56568505e749b711a23040b9d1,a4d2af2dfc969df6,manager,IT,+33610626681,Paris,True,False,False,2021-09-04,2023-07-16
303,NX00303,loic.morin,Loïc,Morin,loic.morin@nexlink.fr,P@ssw0rd34,21e398923b23b55d3c633124fef7295d,8c9f0cee9788237b6271f56e26656e7413b6d147fadbe287d1bb498a6e819eda,c814918e4aaa84c5,user,Management,+33643396474,Bordeaux,True,True,False,2019-01-09,2023-11-17
304,NX00304,theo.meyer,Théo,Meyer,theo.meyer@nexlink.fr,P@ssw0rd49,4b1f65766056f6882b96b542e51ec971,86deb11b5539ce2254f2209694fa9bbd42605add6ba0377929a1de290ac64364,10436f245d850b17,user,Marketing,+33649034245,Lille,True,True,True,2019-04-04,2023-06-02
305,NX00305,hugo.roy,Hugo,Roy,hugo.roy@nexlink.fr,Nexlink4087!,24075c8b503fef74065b151685d2938e,ae7f64c8e498666a3a608645d5f06e28ee213dc4626d3af3fd1082067b6b43e4,a3fab73e3b9ebb4f,user,Security,+33640657783,Bordeaux,True,True,True,2021-04-06,2023-01-10
306,NX00306,philippe.meyer,Philippe,Meyer,philippe.meyer@nexlink.fr,Login475!,e56c3a990d366782f19abdaaf672c485,f02728f2848f3a112392b263f34ea713df37833fc1cfbadf93901af6dc6b3ee6,4dbfa07d5bedba70,manager,Security,+33681770706,Rennes,True,False,False,2022-08-04,2023-05-11
307,NX00307,michel.dubois,Michel,Dubois,michel.dubois@nexlink.fr,shadow24,79e902bf534ad7258539ee6ec26daae5,3359235859d1e43a1fe7150438ff57b2c4d709661faf941c5b69c79a7a7f296e,657bce878eb6246a,manager,Legal,+33683454998,Toulouse,False,False,False,2021-02-17,2023-03-05
308,NX00308,kevin.bernard,Kevin,Bernard,kevin.bernard@nexlink.fr,Nexlink7895!,38b3dc06bd21f942512f1d02b23c3b44,4309db4e82070d09b88d9c9e3960e007cb9fb59bd4bce7dc3d08dd599b863608,ba224410b47bc1ed,user,Management,+33693590502,Rennes,True,True,False,2021-12-01,2023-05-19
309,NX00309,vincent.garcia,Vincent,Garcia,vincent.garcia@nexlink.fr,monkey35,e7648f5bc1c1e17c9dea582b5131bd2b,3148f14cf408cd3aa4eb2358750aaccf403f0a0b0ccb7941a6613a32b494dd9a,a15a5c0cc5335a1a,user,Communication,+33637068117,Nantes,False,True,False,2020-06-22,2023-09-25
310,NX00310,charles.gallet,Charles,Gallet,charles.gallet@nexlink.fr,Shadow592#,1f6153b6079d5362ee8eb83c9f96973b,2192a95db65af7dd29f2409010879cc1d507a8ffb9abd362b7e887868a9b52aa,76f38a72b8604877,user,Engineering,+33621945758,Saint-Étienne,True,False,True,2019-01-27,2023-12-10
311,NX00311,manon.laurent,Manon,Laurent,manon.laurent@nexlink.fr,P@ssw0rd19,cd48e25fd12915aae0e187c73eca5ea0,eb56a3d47931688938afc3732f6d502d2259ef977e98084f3cd8dd1adea03684,5d37835cf60e8b22,user,Security,+33641025808,Lille,True,True,False,2020-06-08,2023-11-26
312,NX00312,alexandre.andre,Alexandre,André,alexandre.andre@nexlink.fr,pass56,2b542a9cfb7c9287fedc418c8ae344fe,42a778e4f879e330d0ec53e833464a3f2c11b3df30aa65e8088ac5be39d8ed56,7fdb5b40753f6ce4,user,IT,+33616159129,Paris,True,False,True,2019-08-26,2023-02-18
313,NX00313,hugo.dumont,Hugo,Dumont,hugo.dumont@nexlink.fr,iloveyou12394,b85793c2af7923768e993ddc3fbed08c,1b2b490377e820fef348eb270d43ba82032fd2cf2b68a2bc92dc8eb622e40496,0d860295f3971fca,user,Support,+33625278272,Strasbourg,False,True,False,2020-12-02,2023-04-04
314,NX00314,audrey.bourgeois,Audrey,Bourgeois,audrey.bourgeois@nexlink.fr,abc123football22,4c53ceb94aec3b669f83e16638b0ab13,b7911f5c87da7aba55777eba97cb2e61c664a13fc38487d80ef4f20a050f3263,3794a7961e2d6444,user,Finance,+33631393688,Lyon,False,False,False,2022-11-26,2023-01-31
315,NX00315,charlotte.moulin,Charlotte,Moulin,charlotte.moulin@nexlink.fr,michaelqwerty79,641d8fdd70085d43bc0fa02fe28cdf73,b48e3153df9d53572c97f3e24ef0e4f2df1c949dc154fd61a351368c7ff03d57,d313bb495a261e5d,user,Logistics,+33674837853,Saint-Étienne,False,True,False,2022-11-02,2023-03-08
316,NX00316,marie.leroy,Marie,Leroy,marie.leroy@nexlink.fr,Nexlink6148!,bed9a050375bd6b4593ac6ed3da29502,cd914db1e29bba5e2b2db96bdc9d820e19347c513b821527c6530b51dcac8dcb,d9d539d94a9e935a,user,Accounting,+33687396519,Nice,True,False,False,2022-10-20,2023-09-26
317,NX00317,mathieu.garnier,Mathieu,Garnier,mathieu.garnier@nexlink.fr,qwertytrustno187,fb82a4b3bb11c1e57176b3bbc4de661d,3320dd32bbf7c50e9974367a1e2a1382acb2cc99631e6251f807928ccade4785,c88308a8b017a2a4,manager,Finance,+33617323740,Paris,True,False,False,2022-02-17,2023-11-10
318,NX00318,lea.moreau,Léa,Moreau,lea.moreau@nexlink.fr,testuser43,d36f43aaea5926afe5d2e4ccee75ed72,01b1f56a5f772cd1021c24719be7c58af9e935c143838c13f14963f33b84ffc6,316f066c21479810,user,Engineering,+33683886264,Montpellier,False,True,False,2021-11-04,2023-04-25
319,NX00319,adrien.lemaire,Adrien,Lemaire,adrien.lemaire@nexlink.fr,P@ssw0rd67,32f10a0510b244ae2a24bb9f87f0a11b,4188bc47a19299ea1b307905bcb0b2cf4711ae4046bb7a32297063c64a915b6b,a3ed49036187f0ce,user,Logistics,+33652421060,Lyon,False,False,True,2021-10-17,2023-08-17
320,NX00320,alexandre.sanchez,Alexandre,Sanchez,alexandre.sanchez@nexlink.fr,adminmaster71,2b5f14b924446cc7cc40fc861117aa26,cbcb7e07d30f02f70a8c0f48cba669acd4d1f4467d0e1dd93bac1af4cd1b2152,b371749fc8cef270,user,Logistics,+33693089652,Montpellier,True,False,True,2019-07-06,2023-11-06
321,NX00321,michel.renard,Michel,Renard,michel.renard@nexlink.fr,Nexlink6953!,88157659392d0bfc507706054a1ab6fd,09f5f40ac0ea2c29a09cd18f1e6e18573e664db79d49150539473f15acbd7aa7,ff8bf9edb53330dd,user,Logistics,+33654556611,Grenoble,False,False,True,2020-04-01,2023-08-21
322,NX00322,laure.lecomte,Laure,Lecomte,laure.lecomte@nexlink.fr,login94,90c21cc6c7f0b3f115739e3f576ed644,aa7fd69ebb87e4a126b48b179c5c3b123eb4547b36b72b5496775bb72473d82c,82a6bef45cb678ef,user,Engineering,+33695048563,Rouen,True,False,True,2020-11-30,2023-07-01
323,NX00323,audrey.michel,Audrey,Michel,audrey.michel@nexlink.fr,202273,42713cc2a692e75697781e42c3ec820d,50b51503ab89a52d141ed3c68e536713d6225889136fb73c683b41b064dd5e9c,9b3610bbd3c649a2,user,Logistics,+33644130133,Rennes,True,True,False,2021-04-18,2023-02-24
324,NX00324,pauline.renard,Pauline,Renard,pauline.renard@nexlink.fr,Shadow446!,26cce159540aaf600d89ac1089932d16,cb53da573bd6bca4846dfb503f95f60499eaacb1f03508ea7962b7039886adc4,ff5e2a5893d3ba96,manager,Engineering,+33689028889,Lyon,False,True,True,2022-07-20,2023-12-11
325,NX00325,fabien.gallet,Fabien,Gallet,fabien.gallet@nexlink.fr,sunshine16,c22a474406020f9ca70b9dfdbcb58dff,6d47299eea060ef299bf1af015adda9f513fcbb503fe52b3d1c0d278e0e2799e,f6bfd54b5c17a890,admin,Security,+33674818030,Saint-Étienne,True,False,True,2021-06-05,2023-10-27
326,NX00326,jeremy.bertrand,Jérémy,Bertrand,jeremy.bertrand@nexlink.fr,letmein94,8a9c2c68fd0f0cd46bddf2135fd6e924,8acb1c6be78ac32a3afcaffad34421183d1cbcc22d3fdf96adf2bcb29a332267,4203550a74a62b8f,user,Operations,+33691737749,Saint-Étienne,True,True,False,2021-02-26,2023-08-03
327,NX00327,marine.lecomte,Marine,Lecomte,marine.lecomte@nexlink.fr,2023522*,c6265e154493b6cfdab98e61cd22ee59,65a75d4c2be9fdb46788b9f491bdec8a2b7487936ab8ef7ce15add36e6ae9924,9df734eecd5e291e,admin,Sales,+33652132393,Nice,True,True,False,2022-12-07,2023-10-08
328,NX00328,delphine.gauthier,Delphine,Gauthier,delphine.gauthier@nexlink.fr,Shadow765@,ca98f34e619ad094aec16ef77e70c4f3,de9fef0c6892872346fac71d172c209303bb3269388bb4d41fcdba1547aeab6e,a6aeb6d2b48f6fb9,admin,Operations,+33653269298,Nice,True,True,True,2022-11-22,2023-11-23
329,NX00329,veronique.leclerc,Véronique,Leclerc,veronique.leclerc@nexlink.fr,trustno1superman69,146af8baefab8b6709d86b1cc3b31a54,d25fff945148ba79bf38469925c8ad16d6085e5a39c944052bdf4de5bae826e3,068117afc5006be9,user,Security,+33680159631,Lyon,True,True,False,2021-05-15,2023-01-07
330,NX00330,luc.durand,Luc,Durand,luc.durand@nexlink.fr,123868@,2fee3d66f881afb2fc48d119aa12ae58,b03fc6dcd2650866208680d8f29f4bef9bee31ca86e499503f788f3e907da340,9641c32e5acbd51f,user,Management,+33618325904,Nice,True,True,True,2020-05-28,2023-03-16
331,NX00331,baptiste.lecomte,Baptiste,Lecomte,baptiste.lecomte@nexlink.fr,iloveyou96,edca060fd5ad1bef0dfbede5c66277f1,afe59323056198c0db79c85fa6452d291d5008a8641c63f3e3f836e74ac33325,ef676e7c7b072e20,admin,Logistics,+33685332458,Strasbourg,True,False,True,2020-04-04,2023-11-28
332,NX00332,audrey.petit,Audrey,Petit,audrey.petit@nexlink.fr,letmeinwelcome88,a0110a9b422c31c658d16a29f03b0f82,58a58d96b17ff6ed9cf8a05d1bed25e2c4d36c928f61e34438404a163ee479d0,8b3caa7a00e4da8f,user,Operations,+33643734435,Bordeaux,False,True,True,2019-04-21,2023-01-07
333,NX00333,christine.dufour,Christine,Dufour,christine.dufour@nexlink.fr,P@ssw0rd87,973e7b108ecc4965fc66ba2e2bb7cc5a,81a3f8e4d631530a660cd20e7fbea93c47563707de408f60389c847c349f5d1a,13f18bb9e27729c6,user,Communication,+33670238919,Marseille,True,True,False,2020-02-01,2023-05-31
334,NX00334,theo.richard,Théo,Richard,theo.richard@nexlink.fr,123master34,b10839047ed29339f475a0a6040bb749,d30d452e025d0c78f6d21587c8d942e28d6121b0c0697c5cdf4ba9e0985deef2,934099a55c98a17d,user,Finance,+33610757677,Nantes,False,False,False,2022-04-11,2023-05-11
335,NX00335,matthieu.morin,Matthieu,Morin,matthieu.morin2@nexlink.fr,P@ssw0rd16,38c8b210b9fa54ab29867c493686e3c0,1da88067692c12265cf5a7c06bcecbe216f327b06a68b0dbfe74bccc445475c3,9ec1f47f1a2af2ab,user,Legal,+33658061434,Lyon,True,False,False,2022-03-18,2023-10-09
336,NX00336,etienne.leroy,Étienne,Leroy,etienne.leroy@nexlink.fr,P@ssw0rd30,d5643c8b1dfce1edcd18f54328570192,def1fd0452ccb593d530c077af431e8477ae85cf5c52f00beb9287ef36238cde,7c09a39e7de64b18,manager,Operations,+33622340723,Nantes,True,True,True,2022-01-04,2023-07-26
337,NX00337,margot.lopez,Margot,Lopez,margot.lopez@nexlink.fr,Nexlink4579!,303697f75ae2247f5d94c897b6434495,a3808e37e43280d16a34b6e58d4e55a3da26c6166ed830a724c56d339d0d8163,7e9ce6d145ddc00b,admin,Legal,+33611181612,Lyon,True,True,False,2022-02-23,2023-11-29
338,NX00338,fabien.richard,Fabien,Richard,fabien.richard@nexlink.fr,Nexlink7248!,e9a72bed6217eb484bc06c2777012134,1f08aa479f64e43d5eb443047b928278625ad2feec21e0ee7065bc119862813f,5a49bed7ca5a4b6f,user,IT,+33647960665,Paris,True,False,True,2020-06-09,2023-10-04
339,NX00339,nathalie.richard,Nathalie,Richard,nathalie.richard@nexlink.fr,Nexlink4154!,8c1037541256149ea7fc117c76e8b2cf,6fb0d37bcb687c81f28ce8215eb54b40fec43767a7c057f8c0e27cc410517e4a,397f4a9311a1c3c5,user,Operations,+33632467350,Rouen,True,False,False,2019-06-18,2023-02-19
340,NX00340,luc.bonnet,Luc,Bonnet,luc.bonnet@nexlink.fr,baseballlogin27,60f065d4acedf73564a668b5f7583f95,0e54162ce0952d26674b15fb3c233368afee90884296b7e27f4d21d8e97f7777,65a70952390d0489,admin,Logistics,+33696779969,Reims,True,False,True,2022-12-10,2023-08-11
341,NX00341,nicolas.renard,Nicolas,Renard,nicolas.renard@nexlink.fr,Nexlink1620!,2abb4262de6da1e9a42a10b481de3a29,639da1d007d1c5ae8e7815ae84c4fc93913e954175339230ae5a1d4d9f9277b6,d9d663014c4a9bd4,user,Marketing,+33643810519,Grenoble,True,False,False,2019-04-22,2023-04-02
342,NX00342,anais.robin,Anaïs,Robin,anais.robin@nexlink.fr,abc123letmein56,133d881a6fdd4638a830c7117d66aa1e,f5115ec2da487f9617a550d9a0c1a8869981c787491c8472240464cf388eee92,628d17891256a044,user,Engineering,+33625878730,Grenoble,True,False,True,2021-03-08,2023-12-11
343,NX00343,thibault.aubert,Thibault,Aubert,thibault.aubert@nexlink.fr,shadow19,212e5965d1426c167eb3193f3df88ab0,e5d732be3d34aef568e400ba5376ab5f79faec02f0922ee228b4074c98e6fc8f,a46a77b892ea3ca4,user,Security,+33648901209,Rouen,True,False,False,2021-10-26,2023-02-24
344,NX00344,christine.lemaire,Christine,Lemaire,christine.lemaire@nexlink.fr,letmeinbaseball85,be81ddcc31ed316cb457b666211c4a8a,d86b5dd8b88388e9d28b8baf9a37b7ae8ba37ddb83f0f167b327593aa9b5ab60,5c29a32ef1a108e1,user,Legal,+33639509878,Marseille,False,False,False,2019-11-17,2023-10-01
345,NX00345,lucas.fontaine,Lucas,Fontaine,lucas.fontaine@nexlink.fr,master81,6439d89179d3d4ef4323a9a917a10672,5c2bc1f982809302f018d53cfce297f4ebb4316357c60995a91dbfdd13f805d2,96eda4f761a84910,user,Marketing,+33686868988,Rennes,False,False,True,2019-03-27,2023-01-03
346,NX00346,lucas.lambert,Lucas,Lambert,lucas.lambert@nexlink.fr,Nexlink4469!,ecb64abf226ee314bd97a4fa84468083,0a1abfbbd4bed8e5fc76ed3ebdb4021f39146d4eb8ce611a180b30a051cb32ca,471199d46e205e91,manager,Security,+33629120002,Marseille,True,True,True,2022-08-15,2023-09-20
347,NX00347,alice.garcia,Alice,Garcia,alice.garcia3@nexlink.fr,Trustno1918*,32130be5d33dd877c72f62c20047879d,eb32f2c8d47191028cc2708490e375a30b4be6fda9e04ffd7c7cc5f9b23d9d32,f33d832f95ff1a86,user,Logistics,+33696526748,Grenoble,True,True,True,2022-01-29,2023-08-25
348,NX00348,alexis.lefebvre,Alexis,Lefebvre,alexis.lefebvre@nexlink.fr,Superman694$,ea9f8c4a34962b8b593c08fb01232ca7,5078961b6075989ff962cbf0afa496c3543ed4f948e0e439a57e91aa40cd07f7,e9d30f3528c6f33e,user,Support,+33697976094,Bordeaux,True,True,True,2019-09-20,2023-12-10
349,NX00349,loic.mercier,Loïc,Mercier,loic.mercier@nexlink.fr,Nexlink8960!,d63a325c5ee17422ea63c080f87889af,656f6c6995097a0d004977f57e5e8a6575178bc35a21eed76995861dbee23aaa,a2e4148b8e29a84c,manager,Support,+33651027069,Nice,True,False,True,2022-06-16,2023-12-04
350,NX00350,estelle.perrin,Estelle,Perrin,estelle.perrin@nexlink.fr,2022nexlink41,7c427a011bf824a8bb7a898b30c95217,41a1e89ff6fa3d5e1ed791f360f26a244c4ad7502a54f09a6318493129b0ea51,e96c7ab1d1756fcc,user,Communication,+33696011893,Strasbourg,True,True,False,2020-03-29,2023-12-31
351,NX00351,amelie.picard,Amélie,Picard,amelie.picard@nexlink.fr,qwertymichael40,37ef27142ae1b2a84a899e5231dce5c4,7e098dec5555fd93befc29bded1cd16a24a4adc94ee871c6d6d16cb8b6ee4cbf,39be72983168dbe7,manager,Operations,+33696644469,Rennes,True,True,False,2019-08-11,2023-03-31
352,NX00352,alexis.moreau,Alexis,Moreau,alexis.moreau@nexlink.fr,nexlink74,a924bcf6e4b3dd6cacc584ed4beff3b7,a56edfd9653b96a7f196fbae5126b4d0ff313a55b4604fd7d5a212a8e4c675de,e2d1b0190eca130f,user,Logistics,+33664376227,Rouen,True,True,True,2022-04-06,2023-10-24
353,NX00353,isabelle.riviere,Isabelle,Rivière,isabelle.riviere@nexlink.fr,abc123michael20,3fc10fc5c647d7a26daeacb8b7a55925,e0c07c5d5918b75648d500a9419d3fec93c9b24ffb427cd637f1b2761176e6f1,c6356451de57db95,user,IT,+33649057246,Marseille,False,False,True,2020-04-02,2023-10-29
354,NX00354,leo.lopez,Léo,Lopez,leo.lopez@nexlink.fr,P@ssw0rd11,0d99c859d723472e648fea19f8b37637,9e850bf821c4f31c50986c8c10b424187463e70ece360fd61a1b8ab42f6caf0d,024956902d329c25,user,Logistics,+33632259144,Rouen,True,True,False,2022-06-11,2023-12-17
355,NX00355,eric.adam,Éric,Adam,eric.adam@nexlink.fr,Superman849$,18f85309c91708d1cc781ce7fb5b2e99,ab5cd97c6e954180fe0ff9bf8b36158e2c0cd780e96e0c6f9ef53de6f6ed814c,f5456d3d505ca857,user,Engineering,+33641104946,Lyon,True,True,False,2020-03-24,2023-09-07
356,NX00356,luc.lambert,Luc,Lambert,luc.lambert@nexlink.fr,P@ssw0rd56,2249eae896756ec7711d0ea3991eea1e,fe9837145bb58a064cc406131f55b18a65f70aabc805b062bcc84232e8bc0be9,d94cdaa120a52610,manager,Legal,+33615355917,Montpellier,True,True,True,2021-07-20,2023-01-24
357,NX00357,fanny.rousseau,Fanny,Rousseau,fanny.rousseau@nexlink.fr,P@ssw0rd79,c3a945d198798129dbb238a4c85956a4,a205fa72160b4d4791ba534131381cb92cd581f9408caf18c5c0c8eb162a4eb4,ece46493a4f7176a,user,IT,+33659029303,Rennes,True,False,False,2022-08-31,2023-07-13
358,NX00358,amandine.marchand,Amandine,Marchand,amandine.marchand@nexlink.fr,qwertybaseball45,89ea4320390f29f7900815cb0fa9c315,b47d093ae9b867588ab1c0569cc28090650be9af0d9b8f581f330575d216805b,d2f5c53f9c7362ac,manager,Communication,+33610885526,Grenoble,True,True,False,2021-09-14,2023-11-06
359,NX00359,antoine.colin,Antoine,Colin,antoine.colin@nexlink.fr,Nexlink4465!,1678ce501a048bdb50c012a83c874e37,fdd6bd3ccd1ab55635104af99d989b64d02472e7a13a6300a9837b7bdbf82acd,8d3f326de9a09cf6,user,Finance,+33690801793,Nice,True,False,False,2019-11-19,2023-07-05
360,NX00360,estelle.mathieu,Estelle,Mathieu,estelle.mathieu@nexlink.fr,monkey96,3299ef9d5c3b8cee2098aeb0170b00f1,0d8340d55a6ca76c65bb60b7dfa2fea5f90c852a1dd349ec8732d1b2f72375cc,82a5ffc0a1e9b9a7,manager,Legal,+33631642106,Montpellier,False,True,False,2020-03-07,2023-10-30
361,NX00361,sebastien.leclerc,Sébastien,Leclerc,sebastien.leclerc@nexlink.fr,P@ssw0rd30,d5643c8b1dfce1edcd18f54328570192,9a704b70a91be355828be15aa2c3b8217975c32983285ccc541041f91e3e111a,64827fdc01177e29,user,Management,+33686808685,Marseille,True,True,False,2021-11-15,2023-01-21
362,NX00362,etienne.sanchez,Étienne,Sanchez,etienne.sanchez@nexlink.fr,P@ssw0rd82,83c035ab83e23cd0e8f6c86c335d978c,851dda4f20a2db72569cc4cff6a8538aaa39f8c5a72bc9d0e68aea5ed84b693a,f5b75f3b6ad95ef2,user,Security,+33621508969,Bordeaux,False,False,False,2022-09-17,2023-05-26
363,NX00363,lea.francois,Léa,François,lea.francois@nexlink.fr,iloveyou202375,57b99e81483d5bc09cba4c23bf345e30,4cdc9c363946614e9c4376458f06bbadf7d87f4fd7b8eb8de7d71d15b5d49b8b,7f23f723da5f30c7,user,R&D,+33645503367,Marseille,True,True,True,2022-09-12,2023-09-19
364,NX00364,david.chevalier,David,Chevalier,david.chevalier@nexlink.fr,2023login3,a5175c64ff8381d5bbb018406d7bed22,df6aa45fbc3d1e02ee6ae6e76ffc9c6f35f7a9b42fb31a7202dd7c71245cd818,73935046017b27e0,user,Operations,+33666343932,Reims,True,False,False,2021-10-29,2023-12-17
365,NX00365,xavier.moulin,Xavier,Moulin,xavier.moulin@nexlink.fr,P@ssw0rd14,56c098b54c7b15b91c9dc0c8d2d1e861,c8abcddc41d89f407f8d82f955ec5b1ae7ed1e34fd5d8d9177dda5061bf065bc,98979e89f238ec95,admin,Operations,+33674725282,Montpellier,True,False,True,2019-08-29,2023-02-17
366,NX00366,loic.denis,Loïc,Denis,loic.denis@nexlink.fr,P@ssw0rd63,bffb2a6713ed17aff3e647491a399fd2,929cb7725af43a639cfac743910c80facdad9918cd665f67ec9def20507f06d5,002f8066736f6d9f,user,Logistics,+33681110769,Strasbourg,True,True,False,2019-03-30,2023-12-24
367,NX00367,veronique.leclerc,Véronique,Leclerc,veronique.leclerc2@nexlink.fr,welcome27,5b3b02d68d206756903a39c8049b19fa,c5699580c27c2c7ee652a085cec190340267cd5d5c709a87414f957a2d69e6e3,78a985fef961c019,user,Legal,+33648019408,Rennes,False,True,False,2020-04-21,2023-02-12
368,NX00368,damien.martin,Damien,Martin,damien.martin@nexlink.fr,P@ssw0rd76,6ad4c183b698e5b5796f7e3075e058fa,e240b6dc48d9e7c5ba6ba0c7698fb9f98587f59ad17f85a8d7cbaf377b9e1f01,60f99160143e941e,user,Operations,+33697851693,Bordeaux,True,True,False,2019-01-15,2023-07-12
369,NX00369,matthieu.boyer,Matthieu,Boyer,matthieu.boyer@nexlink.fr,P@ssw0rd42,c8f0618bb641af60b74abc410b308e59,8260c9229f27aca7b88e011e9372e1dbe9988b0d26707a27176cf46f89c165e9,692bcaf0b2b121f0,user,Logistics,+33685788756,Nantes,True,False,False,2022-01-02,2023-08-05
370,NX00370,louis.arnaud,Louis,Arnaud,louis.arnaud@nexlink.fr,P@ssw0rd71,6b92cf4d44c9bc58b8186519346afdd2,420c9629d275a290656aabdfed4bab310fd1c7f7b2a74f7f625debf2e0a042ee,022c2d0138e3babc,user,Support,+33674929189,Toulouse,True,False,False,2022-02-19,2023-10-12
371,NX00371,helene.roux,Hélène,Roux,helene.roux@nexlink.fr,superman39,f4aadb1ce6c7891e1fc213e17ff30d84,5a21cd5a075a0358e14a5a37ff45e59b06719b3b8e003b7de5f37412cd747899,8d1c74016743f4da,manager,Communication,+33623459168,Bordeaux,False,True,True,2022-12-03,2023-03-24
372,NX00372,laurent.robin,Laurent,Robin,laurent.robin@nexlink.fr,football21,8b35ce89f82e1cf3325820880b495c81,9a4580d413e78644de37e1a17cbd57a74063e473ee4670c34038006df43d65dc,8067bc96969fe511,user,Legal,+33621830043,Lyon,True,True,False,2022-05-14,2023-08-11
373,NX00373,patrick.robert,Patrick,Robert,patrick.robert@nexlink.fr,letmeiniloveyou84,efd95be396e9bcc73ca3ecca4f630ae7,7f35fa650311dff6819cb3f3527a73700a32e882ee1e907d5e69a299a1d452f3,78c9af654c59a3f9,admin,Sales,+33617712557,Rouen,True,False,False,2022-12-28,2023-11-02
374,NX00374,sophie.dupont,Sophie,Dupont,sophie.dupont@nexlink.fr,P@ssw0rd46,aa90ce568852b27782e8b014c71c28bf,ae06984a2bed27ed672a9beae06a38ca8b1bfdd5bc5c5494c89085c24a1e2aae,20ffa1860b917f7b,user,Engineering,+33679231333,Nice,True,False,False,2022-05-12,2023-09-19
375,NX00375,clement.legrand,Clément,Legrand,clement.legrand@nexlink.fr,202221,400d576900a28642626057a433e49864,34861b6d7e8af5cfbd98e7b3e671bcbb2ff79740220b08dc040321fd1c3f88a3,88e47818aab9ea53,user,Communication,+33699880518,Strasbourg,False,False,False,2021-03-29,2023-06-30
376,NX00376,gauthier.leroy,Gauthier,Leroy,gauthier.leroy@nexlink.fr,master46,a3f3a373574be4586580acaa5284a82b,9a6e224a4b755de2dc33f4036a93fc436acb8942092f5cc237e4a950ecf5d5bc,d97dd97ac87c986f,admin,Security,+33656637316,Reims,True,True,True,2022-04-08,2023-06-28
377,NX00377,adrien.sanchez,Adrien,Sanchez,adrien.sanchez@nexlink.fr,P@ssw0rd10,f976037ca62d023b7e9dd639cde1ca79,875f96216ef5be4b6f16612c69d0e98e8e70c9da455066837073e78f9a3cd76d,2a13eec9e6cab2e6,user,Finance,+33624289484,Grenoble,True,False,False,2021-04-13,2023-09-17
378,NX00378,emma.colin,Emma,Colin,emma.colin@nexlink.fr,Nexlink9813!,44a1e5f89d417e2cdb59a7c620c392f6,0d83ac4496c3fca6877a4580cba1d97aef1b24402035b8e3c33f51e0ac004676,c4af24f98dec7857,user,Accounting,+33685587210,Lille,True,True,False,2021-06-25,2023-07-13
379,NX00379,veronique.thomas,Véronique,Thomas,veronique.thomas2@nexlink.fr,login1239,d09d75fc2710d0b39029424742ab19a3,8625960883506bb68bf17bf26c23e7ef2a705b0224b27464d92182e985cdfd29,cdbf3fc89fa549d2,manager,Management,+33640860700,Rouen,True,True,False,2020-03-27,2023-12-13
380,NX00380,kevin.rousseau,Kevin,Rousseau,kevin.rousseau@nexlink.fr,Pass195$,70475cf4731eef593f5edfc70fad1648,40ab520f3ae055ad42a4e7bdd8632181e557e476d4cf9757d222871d674707f4,b6fcf79463e93820,user,Marketing,+33673962190,Nantes,True,True,True,2022-02-09,2023-04-02
381,NX00381,charlotte.mercier,Charlotte,Mercier,charlotte.mercier@nexlink.fr,supermansecur31,adbcca8f8c385b2b2d9451ff6966247d,b14bcab37406d5ed0e8b145fdff4e48faf7cd70be6e85cd39555f03336b5bb52,0fcef2fe2f0e2ea1,user,Logistics,+33640763714,Bordeaux,True,False,False,2020-06-27,2023-04-16
382,NX00382,arnaud.michel,Arnaud,Michel,arnaud.michel@nexlink.fr,password96,b64093964d277ba6415719648594ef3a,ca7f715e2ea460beec4d7920fa021a3068ab17574ea03b9ec723a875ab5f8c6d,21eab279aa39c2c5,manager,R&D,+33615672460,Reims,False,True,True,2019-01-14,2023-10-05
383,NX00383,nathalie.leclerc,Nathalie,Leclerc,nathalie.leclerc@nexlink.fr,Nexlink9041!,4ddfd8ed6e03baebf4b257264274ac85,72148caf94cb5256f8c558e84e9028befec9b23c417cdf2495bb62ea9d9d66f5,0b8d576d90087fe1,user,Communication,+33663402482,Bordeaux,True,True,True,2021-11-12,2023-05-24
384,NX00384,amelie.riviere,Amélie,Rivière,amelie.riviere@nexlink.fr,sunshine54,fdd946a0380f80887f81864902ec5c5f,92e04bb2713002039f69515ec264ecb7a01692849f45a4b40ae54b4803fc3b06,e688ef00b65304d0,manager,Logistics,+33671363812,Lyon,False,True,True,2022-11-06,2023-03-31
385,NX00385,thomas.lambert,Thomas,Lambert,thomas.lambert@nexlink.fr,accesslogin42,5c337f1c6bb99cf3cb97b9a81880d53d,1bb5705b46c151fa6da235108216f479477341ac054d38baa414995c465d1ebb,6fb2e2dce142b45f,user,R&D,+33683626933,Toulouse,True,True,False,2020-06-15,2023-04-06
386,NX00386,ines.lefevre,Inès,Lefèvre,ines.lefevre@nexlink.fr,welcomesecur54,67414179c74a78fd417b0685ccaaa51a,5e651ec457cc6c127cb301a48f876f7d66e3ab6aa17639d20ff46609c29f8123,b8a80151eaf47b17,user,Support,+33670495821,Marseille,True,False,True,2021-03-31,2023-05-24
387,NX00387,enzo.lefebvre,Enzo,Lefebvre,enzo.lefebvre@nexlink.fr,Nexlink4863!,4400c93a0ff2ede6c2a829806a3b37ae,46dcfb3d5ff1817365c7ea66a91a6d00cc2a94f73b7a53e5f74411d8c0190ddd,492cc8f7d85089c7,admin,IT,+33629574814,Rouen,True,True,False,2021-02-19,2023-04-11
388,NX00388,louis.gallet,Louis,Gallet,louis.gallet@nexlink.fr,Abc123629*,a96d63b95f23d84396bbfa8e6d9037b5,63dd49b03e067fb8644cea9dc45a75939f037ccbf5ca6d4697e6d8f0084beeb6,c1e001a317c1368f,user,Communication,+33643685164,Grenoble,True,True,False,2021-09-23,2023-06-03
389,NX00389,pierre.bonnet,Pierre,Bonnet,pierre.bonnet@nexlink.fr,Nexlink8807!,ba025cfd19f17a9a03d60e923ef06e7c,ea342f3b515149ae4112ddf2981e388094aff18c0ef4c294d1f9bd7530f3604e,511f34a923d8a09c,user,Legal,+33658447502,Nantes,True,True,False,2020-11-16,2023-05-14
390,NX00390,emma.gauthier,Emma,Gauthier,emma.gauthier@nexlink.fr,P@ssw0rd35,9fac7dc21738a13fd857cf31e7da782c,044e9124fb71f62bfdde8fae36efc9262d1b506b3961158f00f4d8b79240b642,a14232a432c0ffc1,admin,Finance,+33653632879,Montpellier,False,False,False,2020-08-05,2023-07-01
391,NX00391,theo.moulin,Théo,Moulin,theo.moulin@nexlink.fr,Nexlink8598!,1ad8d35f78998f27e5808307dee754ad,38d023fe517bcea79809d051bda099f10cf10adf122c197f9f6d420f482da566,7c0f4f3ee5172ead,user,Logistics,+33655283492,Strasbourg,False,True,False,2019-12-10,2023-11-24
392,NX00392,hugo.martinez,Hugo,Martinez,hugo.martinez@nexlink.fr,Nexlink6191!,5f7c453039baaa5a18e1398eea920856,80a9bbe9f0978c1b78912a6728f4232574a6243f328e220efbc9c130b2d11e78,181a0cb227ad5e94,user,Accounting,+33696522692,Strasbourg,True,True,False,2020-07-01,2023-11-06
393,NX00393,anais.girard,Anaïs,Girard,anais.girard@nexlink.fr,Nexlink228@,e1088e04170714c1f5e3beb1db4effc0,ff293b30c5fa8c2742a23cd7ef2f7e844991a4b885138471d1f0e001f5873b9e,f7a94a149fa31dfc,user,Accounting,+33638262427,Marseille,False,True,False,2022-12-06,2023-02-10
394,NX00394,stephane.vidal,Stéphane,Vidal,stephane.vidal@nexlink.fr,P@ssw0rd16,38c8b210b9fa54ab29867c493686e3c0,f11843731421724368f016f1bf22aa5fac988afd2ac84498a717ec3f42c54afc,2b3f574a2fdd843d,user,Communication,+33621173787,Lyon,True,False,False,2021-03-24,2023-09-26
395,NX00395,michel.robin,Michel,Robin,michel.robin@nexlink.fr,Nexlink4757!,82372448dfc68946ed5ad265e1999377,f0ab9cf9cce2a5f6c9235d44ea2a3b46b0be24e9d5192974089aaf4d4103c738,5cddc3a37a84dc43,user,Accounting,+33694084814,Marseille,True,False,False,2020-08-04,2023-08-15
396,NX00396,julien.dumont,Julien,Dumont,julien.dumont@nexlink.fr,Nexlink8801!,69dd3f566573c182e6a9918d84015356,c4fcab780e646cd12e87997d4e63ebe3a234f2cb9e80dc8ff2f8e6d8ce774ef3,801635d44a9ee43d,manager,Logistics,+33683624500,Lille,True,False,True,2022-01-12,2023-05-20
397,NX00397,philippe.bruneau,Philippe,Bruneau,philippe.bruneau@nexlink.fr,abc123superman82,a088cb2c8539262cee4a2c0193eb3729,d642a48794a1215545af3c05e36326c5e2fd81f11122bbb849403031e85b1331,be8073aea97c913a,manager,Operations,+33681643293,Toulouse,True,True,True,2022-08-03,2023-11-24
398,NX00398,dylan.laurent,Dylan,Laurent,dylan.laurent@nexlink.fr,passqwerty53,317b5afbb8918717ad847a590907aa1a,eef246eec4c2679bd32714906a7edd49697ab683ba5a589cbbebe6cb89045b3f,6c054aacb8c83cfc,user,Finance,+33610012394,Grenoble,True,True,False,2020-09-13,2023-01-06
399,NX00399,isabelle.bernard,Isabelle,Bernard,isabelle.bernard@nexlink.fr,michaelmonkey39,5c041fbe11e5bbb5b50c3ebf76e7ada2,5041fc9716af67f97f296362c2d75a79dc0d95eb122aa0cf31b0224a886ad59b,38a5b8187b6c1d78,user,Communication,+33690128487,Bordeaux,True,False,False,2021-05-31,2023-05-30
400,NX00400,louis.pires,Louis,Pires,louis.pires@nexlink.fr,letmeinuser21,85319561b3b3f1f4c1d6bec7cd6e3bf0,344b0f13aa100d5fab575b70552035fbde3c1412ad90f877f6ff8d25ed9faaca,72d4411573c66c4b,manager,Logistics,+33645296615,Lyon,False,False,False,2021-02-13,2023-04-23
401,NX00401,marine.millet,Marine,Millet,marine.millet@nexlink.fr,Nexlink7765!,3dbe60f3f1a6212cc7189a91042e5e0c,4cc8d528830212db2a69ffd64555b406a2becc2ee7180432a3e8aca13b788e80,86c8ae3166e31906,user,Logistics,+33628337367,Toulouse,True,False,False,2019-05-21,2023-04-04
402,NX00402,cecile.delacroix,Cécile,Delacroix,cecile.delacroix@nexlink.fr,securtest3,7f7125ad36afad69582decfc9cf70b5c,c9349b3dc423f0bd0d57dd222435d54e930099656982ea8d70fb898db802b09f,967cb980ae3c0d2c,user,Engineering,+33634956121,Lyon,True,True,False,2021-12-31,2023-01-12
403,NX00403,beatrice.bernard,Béatrice,Bernard,beatrice.bernard@nexlink.fr,Password254!,d60d9cb70006344a55bfbb3e864361d3,f6bded965a53937a6d2e67e7df12f6eb15895aaa540aa08d31aa0be55ca5e912,b59a9ccd86e7a8ef,manager,HR,+33651819114,Rouen,False,True,False,2020-12-01,2023-08-04
404,NX00404,hugo.simon,Hugo,Simon,hugo.simon@nexlink.fr,Admin372$,4525c33c28ed300ea5d7f11cf06d253f,c7f1adad75970dd3442e4df14d36d29fee15c6c36120b7f05fe4bbf38528f277,5b5bc77ca30e0ca6,user,Operations,+33635795612,Saint-Étienne,True,True,False,2021-08-20,2023-04-03
405,NX00405,denis.garnier,Denis,Garnier,denis.garnier@nexlink.fr,michaeldragon32,33df8bacc650e2062faab1f2185caea8,6919e4c49190f8fe854932d3114ed262f6bc6b5c2c1e887d61b6d172f3fb3ebb,19f93daf548a4b53,user,HR,+33679946108,Montpellier,True,True,False,2021-08-01,2023-02-18
406,NX00406,elisa.morel,Élisa,Morel,elisa.morel@nexlink.fr,superman80,f2784937484e1d2e19a68d2274ac68cd,318d4212b44a2ea619891222791e4e5f41e737a04b7ffff0a08bd0c8c2e92ce1,a164d2c73b0d1300,admin,Marketing,+33695700705,Toulouse,True,True,False,2020-06-02,2023-09-04
407,NX00407,denis.garcia,Denis,Garcia,denis.garcia@nexlink.fr,Abc123544#,d6535228579b3e7001919019885fa369,690bbb783b59f22c9db2054bc37fb46dfc5e1d3395cc2fc1ad65ee6f269b4738,49e8a5643a15c9b6,user,Finance,+33626059096,Strasbourg,True,True,False,2020-07-19,2023-10-27
408,NX00408,audrey.bruneau,Audrey,Bruneau,audrey.bruneau@nexlink.fr,Qwerty889!,2279c221bf6bdeab47ffccf5d6215fd0,6440e346f2cd4ae588d21fa0a09e2e35ba00bf6891f521aca921a8f684a7ffe2,64561486926c1ff5,user,Finance,+33693033107,Nantes,True,True,False,2021-10-20,2023-02-16
409,NX00409,kevin.millet,Kevin,Millet,kevin.millet@nexlink.fr,202372,04617735ffc3c8be61a4904601bdfc3f,0ab2d9b954bd5f16c6d1759212a2628c4ccd5614ed441b05a7d58e1ec9b90b50,3b7844184e9dd24a,user,Support,+33656616197,Rouen,False,False,False,2022-02-17,2023-11-27
410,NX00410,kevin.chevalier,Kevin,Chevalier,kevin.chevalier@nexlink.fr,Nexlink3207!,1a1677bf2de9fa6d12b87b102a8a5484,73dace2430c863123f086d0d53bcd9eaac5c7ad923d594a6162be908d3fe4b6b,4483d3bce7fbe09d,user,Security,+33668720256,Grenoble,True,False,True,2019-03-22,2023-09-06
411,NX00411,alice.adam,Alice,Adam,alice.adam@nexlink.fr,Master456#,69a7de2e0ed62f4c1be04264cce5d89c,65de6ebb4e0d3c7540f96c8d05eb6df9d0de1b9963cd3b5990ed975a4dc0c445,189f41a4c022dc55,manager,Sales,+33631520928,Lyon,True,True,False,2022-05-11,2023-10-11
412,NX00412,isabelle.lopez,Isabelle,Lopez,isabelle.lopez@nexlink.fr,nexlinkmichael82,82ba52a1a115ed2acaa1adfcc376672c,1356873aa30a4d883c2e0611679c5f7fbbb517bb5b5ada5929727acd9268c57d,950d5ef1c95fbd5c,admin,IT,+33693179370,Reims,True,False,False,2020-01-15,2023-01-10
413,NX00413,beatrice.leroy,Béatrice,Leroy,beatrice.leroy2@nexlink.fr,P@ssw0rd59,a03aba6069a479989844eb028e5f3aff,1e00b95f97e5e3b7e31da04bb44f31f5fe151f15dfd31516ab168d892b48aea3,c0557a6dfa7521cf,user,Operations,+33684016756,Marseille,True,True,False,2022-10-31,2023-09-12
414,NX00414,emma.lefebvre,Emma,Lefebvre,emma.lefebvre@nexlink.fr,P@ssw0rd94,1e6a1fa7e976ddf859a82478a0ce8cd1,c570b587bf574ba862f040bf4fd77ad8ca2330b1ff356cb2a86fdbc38d845b9b,972101e3233f92f3,user,Engineering,+33614197492,Bordeaux,True,True,False,2019-09-23,2023-04-02
415,NX00415,julien.leclerc,Julien,Leclerc,julien.leclerc@nexlink.fr,trustno1monkey68,754b08dcd094fc8afa830f5e38422631,5640471fc49a559563ec08bc27e85ea118d9fbe089d1a22ecb33fb6dba42cff7,634c87202c71d76c,user,Engineering,+33691329718,Nice,True,True,False,2021-01-20,2023-04-24
416,NX00416,fanny.simon,Fanny,Simon,fanny.simon@nexlink.fr,footballabc1238,c5d5e3598bb0a4d34512e0054d93bd7d,5bb20aa77a451fd17ca69e115018a45f23f61b4b7b3af55de7d741928d8f79d4,6886a69aa27adcd9,user,Operations,+33617824896,Reims,True,False,False,2021-05-01,2023-07-08
417,NX00417,nolan.roussel,Nolan,Roussel,nolan.roussel@nexlink.fr,secur76,b1153e66e8a89b72ac0fd6ae3065b60e,3665cb72773cb062e85e7627de589699df3507daee241b2d80f8be96d7f1f3f1,c4582d037d288e0a,user,Marketing,+33661718263,Bordeaux,True,False,True,2020-04-18,2023-09-30
418,NX00418,eric.andre,Éric,André,eric.andre@nexlink.fr,P@ssw0rd81,5e0a9ca842048e82e098b92e10003970,4a69d6c7026d81aa5617bc048943240cf08b814eb510f306fc8783293903b84d,7130a76c458a06e9,manager,Accounting,+33687385064,Nantes,False,False,True,2019-08-05,2023-11-23
419,NX00419,sarah.girard,Sarah,Girard,sarah.girard@nexlink.fr,Master511*,2384d583c3b9f7a72d16ac7b0b238a16,628d2fc08c96b1473c95882ac84b99441350512b90c951a782918d43b4ce13c0,bd4035716284f47f,user,Management,+33690519326,Lille,True,True,True,2019-11-20,2023-10-01
420,NX00420,ines.gerard,Inès,Gerard,ines.gerard@nexlink.fr,baseballsuperman42,dde0015a9cd376313217935d428e7d97,a98dc835c1d5e500e3c6cac2222c7500b8d86ef7c69ce3f3fcdba341d857cfea,ff9b8292bb930b87,user,R&D,+33660340113,Rouen,True,True,False,2022-01-22,2023-04-20
421,NX00421,chloe.martin,Chloé,Martin,chloe.martin@nexlink.fr,pass86,9a0ee4c07fcd7f8633493711dd946075,12c616d75bf57e1d799ec70b2be04764a1bb5fcbc03d9fcc2ffed2f2667d0c36,311299d72e951258,user,Operations,+33610881653,Toulouse,True,True,False,2019-10-04,2023-06-04
422,NX00422,arnaud.guerin,Arnaud,Guérin,arnaud.guerin@nexlink.fr,P@ssw0rd75,c941a6453c808c259db3ecf6d253be92,1bffa542bd77320f698a5fd572915dfbc3c2def61750f550cc4303c9c5afa566,b965954a35d2ce66,admin,R&D,+33622655004,Paris,False,True,False,2022-03-16,2023-03-21
423,NX00423,alexis.lopez,Alexis,Lopez,alexis.lopez@nexlink.fr,P@ssw0rd41,a7b698afc9abaca6c1d51013da40e0a3,708e2b1417aebbc5b2c9ead0eb73d20d1267b382ef6fa3ee7034719a0e7b33e7,05256993a484f01b,user,Sales,+33686569490,Strasbourg,True,False,False,2020-09-07,2023-02-17
424,NX00424,noemie.bourgeois,Noémie,Bourgeois,noemie.bourgeois@nexlink.fr,Monkey945*,c94a3e183ee9aca536e22a2093a5df90,6f0b4913f0c0f5ed95715eb9ad16ba7e5d7fc3aeb342d9c87f18961edcef5448,b846061fe5a0f3e2,user,R&D,+33615015930,Nice,False,True,False,2022-08-08,2023-06-03
425,NX00425,clara.denis,Clara,Denis,clara.denis@nexlink.fr,loginmichael30,965c90c4b844cb3d0d9651816e0659bb,5b35c4c80735d997a569f8e650f1c6acaf962b7bcbc734e67f91a9f2696e8b99,8aff7a4939fa64ee,user,Management,+33617264930,Toulouse,True,True,True,2022-07-18,2023-07-15
426,NX00426,arthur.meyer,Arthur,Meyer,arthur.meyer@nexlink.fr,2023151$,8436e7a068fbda73098e76e706afe40b,9b07098778abde5bf970f7d798ac03e0c402244980a66a38e1118db9ebaea86a,c11385e9c081d0a4,manager,Communication,+33677743626,Lyon,True,True,False,2022-05-03,2023-10-22
427,NX00427,manon.bertrand,Manon,Bertrand,manon.bertrand@nexlink.fr,Nexlink2352!,424aee48197b8b4a294d156dd38a4df5,405d100b4c3b3f8090f014644c2aef7f590a8b5629150f75d97cd1d6d32d7350,6fa700b47ffba388,manager,R&D,+33663578549,Toulouse,True,True,True,2019-04-11,2023-10-08
428,NX00428,virginie.bertrand,Virginie,Bertrand,virginie.bertrand@nexlink.fr,Monkey672@,a379c8910a15ad59734cbb6b195c7d2f,dfb5db066c8a8dbe93ea027580b168aaacf7396b28b888eed1108652057f6886,2c9e57c67a3b5ce6,manager,IT,+33636320002,Grenoble,True,True,False,2022-08-28,2023-10-20
429,NX00429,virginie.denis,Virginie,Denis,virginie.denis@nexlink.fr,Nexlink2467!,b12848811390ebef46910489f15a61fd,c1dd91f152eef4b0f189392662621d7172d9721719f0aafebb239d2dd9f3c0ad,6d0555466a45edce,user,Management,+33659025393,Nantes,True,True,False,2021-04-27,2023-08-05
430,NX00430,arnaud.nicolas,Arnaud,Nicolas,arnaud.nicolas@nexlink.fr,Qwerty731$,a6fc101890e7909458ccdecd01364a70,1869660d32f5e2be985b6d86e893585d1c95d5696e5e4a198f1fb0ae15cae98f,466fc8659f7a940d,user,Legal,+33636801295,Montpellier,True,True,True,2019-04-02,2023-04-30
431,NX00431,christophe.petit,Christophe,Petit,christophe.petit@nexlink.fr,Iloveyou251#,a5a6a20a1c29dd5ab6c89ba0bbe6b5c9,a443e71ffd57caa46270ee7283a85cb7a4949a3a4c3c1a60b50ea96dbef91925,d9be0bfd7def895c,user,Support,+33650952251,Lille,False,True,False,2022-11-21,2023-02-26
432,NX00432,gauthier.millet,Gauthier,Millet,gauthier.millet@nexlink.fr,Secur659*,ca30330414aac2e60f03b1b59e941235,d02b36d618ce942ab7528de8ed672d75fb3ff297f7d11f8aeb83fff8f6842e93,c88f341825a8965e,user,Operations,+33628971329,Nice,True,True,True,2021-09-16,2023-11-15
433,NX00433,alexis.girard,Alexis,Girard,alexis.girard@nexlink.fr,pass35,9c840fa2785637c170c854d2fd449569,2060c5eccccef1c7e3fdf28fd5315edde8e0c910991b6735977f804d2cd6744e,b88a96c47ad5e44a,user,Engineering,+33611118594,Lyon,False,False,False,2021-08-10,2023-12-02
434,NX00434,sarah.dubois,Sarah,Dubois,sarah.dubois@nexlink.fr,Nexlink7332!,2a7894e4cd52ab6c56df03a14ee22759,e5525d416c8c8d5e731c253219a3dc72d3fc3d378e50bf6f48e15698978aa57f,ed38d74fa3403f59,user,IT,+33623368583,Saint-Étienne,True,True,True,2021-11-07,2023-12-30
435,NX00435,romain.dupont,Romain,Dupont,romain.dupont@nexlink.fr,P@ssw0rd68,08a9f90fb7e8c27da85c5d253f0c06da,405c0758fa29db4b75f6f49ab6a0ce1b42df973657f6bbb9bc31c501410a010e,433029bcf42f1549,admin,Security,+33615335477,Bordeaux,True,True,False,2022-12-30,2023-01-12
436,NX00436,helene.morel,Hélène,Morel,helene.morel@nexlink.fr,qwerty97,4729967edd48bc89ff83c773bd9cd28a,29f9b7d9c05bc2d57f377f5c92ede83765418a47a7e35b94e08db9096d3428fe,dfdf5efbff1be97c,user,Support,+33641702866,Grenoble,True,True,True,2022-07-04,2023-06-04
437,NX00437,jade.thomas,Jade,Thomas,jade.thomas@nexlink.fr,P@ssw0rd45,55967589020dfe1d218e376fcf28b770,2a37ae3fbd098340541c0038620f48764016012f8e3d5ab8fea258ed49ba63d5,77e5c45639f03d07,user,Finance,+33698171888,Marseille,True,False,False,2020-11-30,2023-07-21
438,NX00438,louis.legrand,Louis,Legrand,louis.legrand@nexlink.fr,P@ssw0rd29,7cb18e58b72455e651fa709ff10bb4dc,786a60f910922cb921a8da9bf8cad8c5b505d91fb9bbd91e403f2a15835c9538,d9d1fcb12d5e63e9,manager,Sales,+33670286467,Grenoble,True,True,True,2022-05-24,2023-06-18
439,NX00439,philippe.riviere,Philippe,Rivière,philippe.riviere2@nexlink.fr,2023416*,f8ce3fdba57071c77c5550b626f412ba,64a885a3fbba3fdc5f856acf0787a2d67ca0b7838a5384d76b376a7486953d10,b8ebf497df932600,user,IT,+33685812116,Saint-Étienne,True,True,False,2019-10-25,2023-12-02
440,NX00440,romain.perrin,Romain,Perrin,romain.perrin@nexlink.fr,Superman130#,07d42f39e258ff7fda74e6995c6e470e,6c2e77ad617f65d2fdaff19f537e2ea788b0aba2d963f477c6dfdc25fc431d8a,caa7808c77a100af,manager,IT,+33695476210,Saint-Étienne,True,True,False,2020-09-13,2023-08-15
441,NX00441,sebastien.lefevre,Sébastien,Lefèvre,sebastien.lefevre@nexlink.fr,michael88,8900d0fe743b1a4088e52ddfd18d738a,79a3a045f323faa78b2545ebeb583dd6b7cc3572137a05ba2acb196251c1aff3,19f712e4807c2b07,user,R&D,+33640992396,Rennes,True,True,True,2022-03-07,2023-11-10
442,NX00442,baptiste.simon,Baptiste,Simon,baptiste.simon@nexlink.fr,2023sunshine78,0f9379acd30200e40ec29ff61153b843,ad33c103cc9eaec8c628eba7e6643bae44c7dac8f5d64ea27f24158fa87214b6,7f5a10d20f337870,manager,Accounting,+33634692904,Reims,False,True,False,2022-08-23,2023-07-11
443,NX00443,laurent.mercier,Laurent,Mercier,laurent.mercier@nexlink.fr,Admin518!,b603e9c0be0686214619fbac732c3e77,42ed77917a0bfd800885d1d8a2b6524d21ec3d6c73d1647221df8ca7770ee24b,2bfa4a733d1e5e1e,user,IT,+33637223861,Rouen,True,True,False,2020-03-31,2023-12-10
444,NX00444,stephanie.roy,Stéphanie,Roy,stephanie.roy@nexlink.fr,Nexlink8496!,02d2139ce3ff160e79dbfbd761cfa904,c47726b72be996519b0d412477ed0e5bf68e7b02747c6388d5c6c276beac7223,9c7786a5fa97d7d9,user,IT,+33691594977,Nice,False,False,False,2021-04-09,2023-01-22
445,NX00445,stephanie.leclerc,Stéphanie,Leclerc,stephanie.leclerc@nexlink.fr,P@ssw0rd78,3229d0bf2683953ce96dc08e4a0ed1a7,b02a5bb5ad7d1230fc43abe023d56a1f1d4354d72ec43f4a67b07e1804869059,6d3874907bc2d953,admin,Management,+33679880338,Lyon,False,True,False,2022-12-13,2023-01-20
446,NX00446,etienne.millet,Étienne,Millet,etienne.millet@nexlink.fr,supermanadmin72,1e3dc9b05064faba3d0c2003cc1fcef2,308897a8e96047387c5370d44246ed4a699fa6d1fbd6aec10f04c31f92961a3b,d076b5613bc3c95a,manager,Operations,+33635481281,Toulouse,False,True,False,2022-07-15,2023-01-26
447,NX00447,zoe.girard,Zoé,Girard,zoe.girard@nexlink.fr,passiloveyou7,06f83695d19bb2a877b1548442627364,aa2c3c1898cdcda868acbe60e7f058dd3fd63be56238a664de5787e7f6abd1d7,14e94981b1557d14,admin,Security,+33696718276,Lille,True,False,True,2019-10-19,2023-08-26
448,NX00448,romain.aubert,Romain,Aubert,romain.aubert@nexlink.fr,P@ssw0rd27,6ef965128e70d72648b18d2853ba85c2,68f4b6c8594dcab4c70cf08d0d49eb8095457e08a2ecd4b33d1ef875bfb63060,6122f65a63f93967,manager,IT,+33613343647,Marseille,False,False,True,2020-10-24,2023-08-19
449,NX00449,axel.renard,Axel,Renard,axel.renard@nexlink.fr,12351,269efc0384256ed26a4f1bc2c6d72758,31c59c8f998b697b8bd9029e6fd2fcacfe66935939d529d88388a8f884f529e9,88df61273fa7860e,user,Accounting,+33625322958,Nice,False,False,False,2019-09-11,2023-02-16
450,NX00450,etienne.robin,Étienne,Robin,etienne.robin@nexlink.fr,P@ssw0rd88,4b4c91db9c8a5838b92a451553d9c265,845aa2f648dcb46b4e0937ba052f5e23ab19fbc594e120040b479f9e031fb37a,5ba9f103ce99d53a,user,IT,+33615892974,Rouen,True,True,True,2022-02-01,2023-07-14
451,NX00451,laurent.vincent,Laurent,Vincent,laurent.vincent@nexlink.fr,Michael829!,3b6c8eb527a450bb48167efd87ae671f,25ec9f6bec69dc06477eb14b5d8f238c27cc1c7eba991edb1fdc2a0511b05243,9c5f516e613eb9e6,manager,Sales,+33648759467,Montpellier,True,True,False,2020-09-25,2023-08-17
452,NX00452,thomas.delacroix,Thomas,Delacroix,thomas.delacroix@nexlink.fr,Nexlink1200!,65722c5225719a20c9fdaccc01dc7fa1,771e774d701ae4e4c209d27adab730e12fa9db709503cead28ad4e101de49e3d,b5ea10e934382112,manager,Legal,+33610771825,Rennes,False,True,False,2021-10-18,2023-10-06
453,NX00453,zoe.gerard,Zoé,Gerard,zoe.gerard@nexlink.fr,passwordiloveyou77,c6505eb63e5e8d2df076f6426dc53bec,0ee5676ea79eb1dea23d3f4416ef65305dca0acda0e8c9cd5ea5f642bc4deac6,c4cc1ca025a42ed0,user,HR,+33693183589,Montpellier,True,True,False,2022-01-25,2023-05-23
454,NX00454,pierre.gauthier,Pierre,Gauthier,pierre.gauthier@nexlink.fr,202314,632e53b9f7f14fb44c76fb130e2faca5,1c01caab2ea4372424ca05dbd103b85698558b58725caae4bb32f4c6491cc58e,65685e9a86e3ed86,user,Support,+33624614652,Strasbourg,True,True,True,2019-06-29,2023-01-26
455,NX00455,stephanie.bruneau,Stéphanie,Bruneau,stephanie.bruneau@nexlink.fr,P@ssw0rd81,5e0a9ca842048e82e098b92e10003970,7de259c54acbc836e9baa5bfd86bc72c28f57c81bae7a4a92b18801f5121e986,f416e5bc711b309c,user,Legal,+33614810369,Lyon,True,True,False,2022-03-31,2023-07-04
456,NX00456,nadege.leroy,Nadège,Leroy,nadege.leroy@nexlink.fr,baseballmaster9,e018bf6df514616e683079f48d3f6aab,8340f952b4502e7fb6167bf6bd700aa1dfb441a72694d881ae8c57593323aa2a,e8d60376363af4a3,user,Legal,+33646831833,Nantes,False,False,False,2019-10-03,2023-03-04
457,NX00457,marc.durand,Marc,Durand,marc.durand@nexlink.fr,access90,6bed59680d76d35238f16535917e1d10,75b314a3a83699846e5c57bc447e770ff76579c0fcd9c2e0dd119431fce52345,b3966273eeba19db,admin,Marketing,+33691171931,Saint-Étienne,True,True,True,2021-09-17,2023-12-19
458,NX00458,emilie.noel,Émilie,Noel,emilie.noel@nexlink.fr,P@ssw0rd89,d33df6ee6812570dd5d019c3e15def63,b1d2e279656361ef25dcd402428e36971d9980f5f3d686a3d9520ccf4fc6e9e0,80b2d730cf326f75,user,Security,+33685515502,Lille,False,True,False,2019-09-23,2023-11-11
459,NX00459,damien.henry,Damien,Henry,damien.henry@nexlink.fr,Nexlink221!,fd197321dd8e79626e909953f9421a51,186bf7e197099e10ab8975f901a1e28805184312e6f09c3ded8334431722a956,e598b174f9ae6019,manager,Management,+33692585240,Strasbourg,False,True,False,2019-08-30,2023-04-17
460,NX00460,valerie.bonnet,Valérie,Bonnet,valerie.bonnet@nexlink.fr,abc12335,352c5abb7bb0f811d733d05c20d21ca6,0e914b29bb254d1f78df173732c379a586af452f8512677e506c58e6d06cf83e,fa57e3074a44f937,user,Sales,+33650303435,Grenoble,True,True,False,2019-05-19,2023-06-07
461,NX00461,margot.masson,Margot,Masson,margot.masson@nexlink.fr,P@ssw0rd88,4b4c91db9c8a5838b92a451553d9c265,3220937d2299e3143abd49902e1a662b5173c8bd2ce3c867efd69d6cc0d3eabe,6339750bdd347619,user,Logistics,+33654360949,Reims,True,False,False,2019-12-26,2023-04-10
462,NX00462,estelle.robert,Estelle,Robert,estelle.robert@nexlink.fr,Monkey259$,1ba5405fc2adbe14a6392db4516f29bf,055b73a6089a09bbaa214d5929b5cb5ed205f6b0555b7db6fa70c40ae1af4270,d346e1a11aac4093,admin,Security,+33665559839,Saint-Étienne,True,False,False,2020-11-17,2023-08-25
463,NX00463,valerie.millet,Valérie,Millet,valerie.millet@nexlink.fr,secur83,8cfe70047850be8633f3b8284771cccc,5d067e08ff549150375cd4aef88ec788dbae9f3d85cd60f52c3888280b71b95b,76cbac144dd6407d,user,Communication,+33630039365,Toulouse,True,True,False,2020-12-25,2023-02-03
464,NX00464,eric.cordier,Éric,Cordier,eric.cordier@nexlink.fr,2022iloveyou15,db117a6f77e59e4b2c272cc92f0f5fd7,c1b870b14c4115a567df78a20266d08de6b8bb9e3a8c63b539e78ddac1015d26,6e69041b0ec659a5,user,Accounting,+33614245067,Toulouse,False,True,False,2020-10-06,2023-12-30
465,NX00465,clement.lecomte,Clément,Lecomte,clement.lecomte@nexlink.fr,Nexlink4541!,a37bd998b632ea5f3e13b6326d541fe5,682fc1b67b5797d821e0d18a8ba5624ab32bde1939ef74cbdb9aeba77b2788b3,0a95bb4edacfbe4c,admin,Sales,+33660226379,Rouen,True,True,False,2019-12-25,2023-02-27
466,NX00466,catherine.thomas,Catherine,Thomas,catherine.thomas@nexlink.fr,sunshine202325,335986a13948941a91eb536668afd331,83d251811f289a682509ea2f7d8eb585af2126802961e9caa844ed7cac83f320,143291c3692a8bc6,user,Security,+33651655640,Rouen,True,True,False,2021-09-17,2023-09-26
467,NX00467,guillaume.robert,Guillaume,Robert,guillaume.robert@nexlink.fr,letmeinshadow67,f08e3b750faed226974d820f13253d23,59ac91d17b788ec08a2fb6aa68fa0336021ee357b2ea8fe3ffa27b9441d4f58a,5013228239d7b4a8,user,Engineering,+33689763928,Reims,True,True,False,2020-09-28,2023-01-23
468,NX00468,alexandre.marchand,Alexandre,Marchand,alexandre.marchand@nexlink.fr,Nexlink1368!,22442b29d97489ab597b4ee467470462,f6c8ae022d31252c760553e862c61881e86d9bf2a7e8b03759f97bd7de99fd00,af528197c6a47a03,user,Management,+33636918105,Bordeaux,True,True,True,2020-03-05,2023-06-14
469,NX00469,virginie.lemaire,Virginie,Lemaire,virginie.lemaire@nexlink.fr,12329,3a098b02e2d67a733c661fa9bfbe89ec,eb3011dd2ceb0a01f3e910e68b317504cff492f764c7522f3d2c229ed07d9da8,3368cd3174f57008,user,Sales,+33693610257,Grenoble,True,True,True,2019-08-23,2023-01-08
470,NX00470,valerie.perrin,Valérie,Perrin,valerie.perrin@nexlink.fr,Nexlink3319!,9f233c899485abfef4b682fd55da0992,1747418c6d8dd459a3817492c87400b5b3f8a9072af064138de1b2475ad21412,cd4792e57b09cbcd,user,R&D,+33619562056,Toulouse,True,False,False,2020-05-16,2023-03-29
471,NX00471,sebastien.thomas,Sébastien,Thomas,sebastien.thomas@nexlink.fr,trustno1admin14,936f729b2f60460c8e319dd74f3521cf,5c3876cb6e459c0f8542294b56bcdde05af2dcd9d662953ecfab4125eb978dee,8a446551bb2a3eda,manager,Engineering,+33662602177,Marseille,False,False,False,2019-06-26,2023-08-07
472,NX00472,margot.dupont,Margot,Dupont,margot.dupont@nexlink.fr,P@ssw0rd20,633f39b25771b1fe0ddc787a57c8410b,bf59978bff4a943f40ffd56f3c6815d86e693583ddfaf03cd2ba3c607dc5d9db,b8d2f75b02e9db6a,manager,R&D,+33672850928,Lyon,False,True,True,2019-09-27,2023-02-17
473,NX00473,amelie.martinez,Amélie,Martinez,amelie.martinez@nexlink.fr,2023981*,6e812816ef524906f5bafa38243fc5be,b641fcd896e90722ce1a28c3af32f458c910aa18fd63cb900c8ef1ffb4477d32,d3e2f04eb6665c02,user,Security,+33634609232,Nice,True,True,False,2021-01-14,2023-07-20
474,NX00474,julie.leroy,Julie,Leroy,julie.leroy@nexlink.fr,loginqwerty62,fecb5d301f8428a34005cf339875f07c,a3c8c2581f18440ee09f1e5c9d8d8f721ccf3ed7eec641f7560db82869262ade,042a5290eb4ab7fc,manager,Logistics,+33656790372,Rennes,True,False,False,2019-12-16,2023-05-25
475,NX00475,nadege.michel,Nadège,Michel,nadege.michel@nexlink.fr,Nexlink2162!,45603d8bbf79098ddfb3cf69c749875f,a19c3cfbbdef1d3a11bc7b5aa0c6ad92f246fa2d3687b52b3067e242c3ff75ad,b2bf0ad0238862e6,user,Operations,+33689260394,Strasbourg,True,False,False,2021-08-02,2023-07-25
476,NX00476,denis.bourgeois,Denis,Bourgeois,denis.bourgeois@nexlink.fr,passwordtest27,2124367c42d22c169447389e943e396f,f5ce9f436f9d1b8e446217a2b2bcf50a731165c2f530521258536fe50fba7e88,f2bbb1a94ccf4156,manager,Communication,+33655929418,Grenoble,True,True,True,2021-06-10,2023-10-18
477,NX00477,gauthier.leclerc,Gauthier,Leclerc,gauthier.leclerc@nexlink.fr,loginaccess77,9e744a092088642b959ca1e605d500c4,2b3e69731314aaa0a55d43bc396fb01d68cb3724c0546d318405c63d8d8e7d5e,da53822851e4693d,manager,Support,+33669755911,Marseille,True,True,False,2022-02-10,2023-02-19
478,NX00478,simon.bruneau,Simon,Bruneau,simon.bruneau@nexlink.fr,testmonkey83,13b8e6140c4479cf7c3fa5d4a4d29ec9,9f93a8bf51159df5ef760f732c3ef76d2ca2a6f7df19bb0cc8ec7a9b64d38040,b573f489a1119588,user,Marketing,+33687949346,Saint-Étienne,True,True,True,2020-03-21,2023-03-13
479,NX00479,florian.millet,Florian,Millet,florian.millet@nexlink.fr,Nexlink7389!,8e5984b2f94e93fd1778229a75e39327,8c8fc1e7796460ce366efff74eebfa685a943101cdd177935c1dd329370a1919,6210da89041de907,manager,HR,+33652493026,Toulouse,True,True,True,2020-02-26,2023-12-15
480,NX00480,laura.aubert,Laura,Aubert,laura.aubert@nexlink.fr,iloveyou75,939b8e221abf7699f5805e43b36cb4d2,61b08211f5ae935319670e3a3b3f7e249c62099b041e588489595090c32437d9,33de54e2a53e185a,manager,Logistics,+33618376603,Nantes,True,True,True,2019-09-19,2023-05-31
481,NX00481,emma.muller,Emma,Muller,emma.muller@nexlink.fr,user65,994204a8bf2b1cb2dd875643c0607be7,d13729f3e609321ec20d4bd833499f8dc0bcb593dab18252438a00084aeac054,1357ea5fe723777a,manager,Management,+33661377152,Strasbourg,False,True,True,2020-10-13,2023-12-31
482,NX00482,luc.andre,Luc,André,luc.andre@nexlink.fr,2023secur72,1487bb62b9aeea31f530a9dc0622188c,85f191c7b4013a080a17be53cea1ca8052c6be9a9b8e16e24b6b96c92e1df0ff,cde696d7eb303fd4,manager,Logistics,+33630705405,Toulouse,True,True,False,2021-01-07,2023-08-02
483,NX00483,michel.dubois,Michel,Dubois,michel.dubois2@nexlink.fr,Superman598$,499ff2a9d47e641db1356e17dc7f64de,b6ff44da1240287684d8270f0a0baa2afc3f01f7186df08acb54390d28f14b86,1ea99c83a6a1024b,user,Marketing,+33665815175,Reims,False,False,True,2019-10-09,2023-11-25
484,NX00484,stephanie.lefevre,Stéphanie,Lefèvre,stephanie.lefevre@nexlink.fr,sunshinewelcome71,5ed9ba9acf7bcfc404969655771019e5,868cbe0db86902d942949c3da882311098d9d4112bcd58b30c8f3c51b6fb1230,1932b50a41b444e4,manager,IT,+33634936450,Strasbourg,True,False,False,2020-12-28,2023-04-26
485,NX00485,damien.meyer,Damien,Meyer,damien.meyer@nexlink.fr,Nexlink7731!,70d9d4cb524c0e7d895572c6c169958d,c45de5df3d7b4c8bca44be2943647ba6cd77cb1b49d56fd460e6948bff815abb,a90917712d90b1f9,admin,R&D,+33615082158,Rennes,False,False,False,2021-01-21,2023-01-18
486,NX00486,philippe.bourgeois,Philippe,Bourgeois,philippe.bourgeois@nexlink.fr,202377,ad617b0bf8b2e8686af625ac0575e866,6fcd118bb7859b7942fdb61e2c370aec1d48e2b694be8fb1fcdbb111f39468ba,e5d53c8982c2269a,user,Legal,+33680243759,Saint-Étienne,True,True,False,2021-11-24,2023-02-10
487,NX00487,simon.riviere,Simon,Rivière,simon.riviere@nexlink.fr,P@ssw0rd49,4b1f65766056f6882b96b542e51ec971,bd2caf97d3587dd5c4475c5feeaa5cccc8e9ba6ff22b5bbd653926b2923d3c7e,d0a1212d4c9f53d4,user,Security,+33611447323,Lille,False,False,False,2020-12-04,2023-10-01
488,NX00488,anais.dumont,Anaïs,Dumont,anais.dumont@nexlink.fr,Nexlink5738!,566a5b40e06bc56d884b14cbcaf73eda,ee8c833d65b7d8937459362e70e009396425c3469fd46c0e8152ff691e3cd81f,36f3800513d8e26f,user,Engineering,+33650811697,Nice,True,True,True,2022-11-24,2023-11-02
489,NX00489,veronique.girard,Véronique,Girard,veronique.girard@nexlink.fr,P@ssw0rd16,38c8b210b9fa54ab29867c493686e3c0,a25b61c9e1d5669c853e0e0ae4924d308990b2f106b9e6102df29f74ad84e947,ab65cb0cfe25c508,user,Communication,+33648495745,Lille,True,True,True,2022-07-02,2023-01-14
490,NX00490,corentin.guerin,Corentin,Guérin,corentin.guerin@nexlink.fr,Nexlink3171!,099bb59aa1dddbd555a7d88bf9b94670,015cb561576b95f0ef5be73502fa344a288e1bc05d324ebedc49fb637a66cee9,8296b9d7dd20fb53,user,Sales,+33624971907,Rennes,True,False,True,2020-06-10,2023-01-08
491,NX00491,luc.lecomte,Luc,Lecomte,luc.lecomte@nexlink.fr,Nexlink3873!,5d60865766620e11ba07418c9cd75988,d086bc14d1a097d91ecfcba939fb01546f0c1bf21be9e3c54f79568b9f2df50c,612d23bc36b05d09,user,Communication,+33675084661,Marseille,True,True,False,2022-12-06,2023-05-01
492,NX00492,patrick.fournier,Patrick,Fournier,patrick.fournier2@nexlink.fr,michaelwelcome99,8d6a75c86eeb6ac7050225563ff5d717,932aacff9f8a8c9c176fbd1a4f78598a7ce3aaf2c512a2fe8ef5664e82ece17a,74ce893341dc316e,manager,HR,+33695573823,Marseille,True,False,True,2022-09-15,2023-08-14
493,NX00493,camille.rousseau,Camille,Rousseau,camille.rousseau@nexlink.fr,admin31,9dd56089270a59cb70de2bcfaa26c918,15a95833e3756e6b72739fd6dda1b33d8c2851f2a16a857efb581e58116cd620,f04aaaf7436dba9c,manager,IT,+33673923372,Nice,True,True,True,2021-09-02,2023-06-04
494,NX00494,amelie.rousseau,Amélie,Rousseau,amelie.rousseau@nexlink.fr,Sunshine991$,69ee8443f34747f241647796a14c71ba,43730c9784cd430f7b0dd3a78e0b52a8b8f6859ffb301b60abe66469cf93cb89,13eac65a421d39cd,user,Sales,+33652371009,Grenoble,True,True,True,2021-07-08,2023-07-15
495,NX00495,mathilde.moulin,Mathilde,Moulin,mathilde.moulin@nexlink.fr,Nexlink6488!,a50d9430d6b40ebbce5c1e6b0874679a,1c66abe4e1e1c39bdc99e039cb677c38ad101beaa69c7ea98ef358f3d0832d17,89474998c92a5d72,user,Sales,+33697824468,Rennes,False,True,True,2019-07-21,2023-05-11
496,NX00496,jeremy.dufour,Jérémy,Dufour,jeremy.dufour@nexlink.fr,Sunshine445@,e6f658d7bda9f533381943a8cda682ed,0ff960da025fa7cc2e69bb3c2782fd1b1a54894e539dae1ec6133496db3b40df,4887d1b4fb6e6ecb,user,Operations,+33611137651,Reims,True,True,False,2019-01-22,2023-12-11
497,NX00497,etienne.michel,Étienne,Michel,etienne.michel@nexlink.fr,qwertyuser93,0d0dd8eccbf08a2f130e54e75587cfd8,7de7d9f732a3f2c5f254628e100bdf72ba4ea6fc97b11e60d01e23199054d066,3e53c9a8bc754d06,user,Sales,+33613181023,Rennes,True,True,True,2020-01-31,2023-01-18
498,NX00498,cedric.bruneau,Cédric,Bruneau,cedric.bruneau@nexlink.fr,shadow25,3834c51358537a3f594dc5a832d429ba,3079dd5dac77b0ee04a66c1e1c2e58d1bac4157305a0b96d006289110c946b36,018af07c63e95620,user,Logistics,+33660460287,Montpellier,True,True,True,2022-05-23,2023-03-08
499,NX00499,alexis.henry,Alexis,Henry,alexis.henry@nexlink.fr,trustno1password82,6d4bc447ebbfbc6a406681523020105c,603d9fa46367f256c9ea2ec6615a0fd5e4d13dfff39209f2c7f39138a2000ec4,78570439a6fc140a,manager,Security,+33699600963,Rouen,True,True,False,2020-07-20,2023-08-07
500,NX00500,quentin.durand,Quentin,Durand,quentin.durand@nexlink.fr,letmeintest8,42959ad8ac080f74e207a04b95de3c98,69da2bda13ead339b9736d730611b147b33270789bfbe499c44a1ca05b029fe5,628df2503a310de0,user,Logistics,+33669132953,Lyon,False,True,True,2020-06-26,2023-04-02
501,NX00501,charlotte.roy,Charlotte,Roy,charlotte.roy@nexlink.fr,202379,cc15d0b73550ed8bfb09d1189246ddef,95e12d7140bf7541009b273a536424cfc88a3041c20ca3c862c85ad0b63fb8cf,d2b4fa78c607efcc,manager,HR,+33624260594,Saint-Étienne,False,False,False,2022-06-11,2023-11-26
502,NX00502,julien.moreau,Julien,Moreau,julien.moreau@nexlink.fr,access42,dfa8f0eedc4fa693a5b24af7d6ea02cb,e3d1de11c86d067da057ba22edbbaa5972958e3aa144dd7cb4cd19bebe2e4eee,5c1594ec4dad70ee,manager,Engineering,+33697626101,Montpellier,True,True,True,2021-10-16,2023-03-18
503,NX00503,cecile.fournier,Cécile,Fournier,cecile.fournier2@nexlink.fr,Nexlink7411!,6acefb5b691683d9dc11af446672301c,146c405b5923ca29d2eac394d23421715873b5ff39a1f3ab3d916af7258acc80,935eaae8627dee28,user,Operations,+33674174787,Strasbourg,False,False,False,2022-12-20,2023-09-09
504,NX00504,thomas.robin,Thomas,Robin,thomas.robin@nexlink.fr,loginaccess69,4e05911e1ba8edcdbdfd4db7cf742953,c57653fa5ee6958e822f32940ac3070e0a27495bd5e778c94b91f9469ab3112c,0a0b526324fda31c,user,Support,+33663769608,Paris,True,True,True,2022-10-28,2023-06-05
505,NX00505,laura.renard,Laura,Renard,laura.renard@nexlink.fr,Nexlink4327!,7efdead77624970440c7b0566addd2e6,a397d5a3c316483f118bb330654da69834fab5eccc833d47f55f25e15fa0501b,9cf0e8e4fc843873,user,Operations,+33698682228,Bordeaux,True,False,False,2019-03-22,2023-07-16
506,NX00506,jean.dumont,Jean,Dumont,jean.dumont@nexlink.fr,passwordabc12357,8370906ecbc7bc4557b6f1872ce0ce2a,a7064a91ab1a708ce98dddefef05b1e91af8b0b6d3dbdf9f0d3ecfb2d4052f2d,cd060158c6c22c86,user,Finance,+33613404379,Nice,True,True,False,2019-03-15,2023-04-09
507,NX00507,morgan.riviere,Morgan,Rivière,morgan.riviere@nexlink.fr,Nexlink9186!,1f4eb166ceada87b8855cef5346f2e6b,464bf115917019c1f410e9119da86f5b0b1e38de1c65401dd959f01c864a2801,c4c7466a7e1a0934,admin,Logistics,+33614971784,Nantes,True,True,True,2021-07-09,2023-01-09
508,NX00508,leo.david,Léo,David,leo.david@nexlink.fr,Football769*,f1bbd16ce09608ebfe7d0fef0ca8e485,ec9c21e7cb2f895d81036eff33cc442bc09b32995d410ae475280031f9384b81,db4e5bd6f4b7724d,manager,Management,+33687758465,Bordeaux,True,True,True,2022-01-03,2023-03-18
509,NX00509,remi.dubois,Rémi,Dubois,remi.dubois@nexlink.fr,iloveyouadmin32,95b9c506fb7c847a4f313580e3451dd6,24ee67d3b77b34f12f53bb9b58a2716c7c8b3a41894bc4ebabf12858193be641,e56a64c871a2d3ee,user,Engineering,+33616705248,Saint-Étienne,True,True,False,2019-12-19,2023-11-20
510,NX00510,nolan.dufour,Nolan,Dufour,nolan.dufour@nexlink.fr,baseball23,da03cbb499a8c6f9b13af82974e260fd,02eaea118e5db47e30b7a2ac2e8666384b058c1fced43c7cfb231cd7e6c82cff,537bded3d805476e,user,Legal,+33639604743,Lyon,True,True,False,2022-05-03,2023-11-12
511,NX00511,elisa.david,Élisa,David,elisa.david@nexlink.fr,P@ssw0rd79,c3a945d198798129dbb238a4c85956a4,e2fb5299d0fcbb5a0c6339e2409d796ff5421d1ebb1266201a50f0c74dc326cd,58c589deae0489d2,user,Support,+33689602555,Marseille,True,True,False,2020-03-12,2023-01-24
512,NX00512,manon.nguyen,Manon,Nguyen,manon.nguyen@nexlink.fr,Shadow478*,70a352757e7dbda2a62a61fe5e8db7a6,957ccacda8d539f80babf6fac7b0bc72602b4e48c0517fec3a6f5f13e8b32c08,31abcf0744e3e031,user,Legal,+33615462513,Marseille,True,False,True,2020-05-13,2023-10-25
513,NX00513,virginie.morel,Virginie,Morel,virginie.morel@nexlink.fr,monkey20,252b4927a2811f5bd1c38b2e270cc95c,d3e9553450d7e275b38a3d9e4021a0de69a44c151c907148a22bc3e658d89239,883dce01a1dd0620,user,Engineering,+33697477181,Rennes,True,True,True,2020-01-03,2023-02-15
514,NX00514,audrey.bertrand,Audrey,Bertrand,audrey.bertrand@nexlink.fr,2023755#,dbf2d93eb6ad4232d79ee6e908009950,4141f2ff7487463174091778debec1d890a1cb532a9cc5fbcc60d1f8cbc2a573,46307b8b47ffc4fb,admin,Legal,+33633427561,Rennes,True,False,False,2021-04-23,2023-05-03
515,NX00515,stephanie.laurent,Stéphanie,Laurent,stephanie.laurent@nexlink.fr,Nexlink6699!,6dcd4699ea1bed5150acd7206c871768,742b065523d6dd4367b8f43461988f00dcea31f8ed9c743baa6a296765c2530a,b595e9e45e9a3580,manager,Engineering,+33635756766,Lyon,True,False,False,2022-02-16,2023-05-01
516,NX00516,adrien.lambert,Adrien,Lambert,adrien.lambert@nexlink.fr,Nexlink1869!,0cf56388cf087e0de673d31f11ecd33f,b28b3fcbd8d7343cc86dcba7ec6748ff4305a1f9d8274438b15c5694214ef98a,dac12094d5a26951,user,Marketing,+33673674613,Lille,True,True,True,2019-11-02,2023-12-17
517,NX00517,pierre.lopez,Pierre,Lopez,pierre.lopez@nexlink.fr,Nexlink4433!,5925d7f1a2fe7078bda304711acc045c,53db2186f8532c96139f30dbd7eac1acfb0b0ab9b0a3576ea29f43b3f5f8f35d,82dc5efc4c65076b,manager,Sales,+33670820445,Paris,True,False,False,2020-11-15,2023-11-12
518,NX00518,laurent.thomas,Laurent,Thomas,laurent.thomas@nexlink.fr,sunshinelogin10,6b59d6283d358e5af3ef35edf37cbd5e,c8bda38687028dfcd8ad61e163bfafea3e9098a3deb33b1efa24cf61cc017ba4,1c8adfd0ef3619bb,user,Accounting,+33687814308,Nantes,False,True,True,2021-06-29,2023-10-31
519,NX00519,amandine.garcia,Amandine,Garcia,amandine.garcia@nexlink.fr,Nexlink4731!,4b34f41a3ba3cdd2687917c84943e618,b4b9dfda6f522f51262e25403de42a8dde0c495b10c34a372567ebb19fa93a37,8f08f7b9d30b898a,user,HR,+33660403103,Saint-Étienne,True,True,False,2021-04-24,2023-04-13
520,NX00520,camille.denis,Camille,Denis,camille.denis@nexlink.fr,Secur724$,68ea567ae4d9fbbed4fcfa5dfa973763,bf5b28ff457b42e2e8441e594ed9f2f493c2c326dd89fee77770f9de7da8529d,dc097b9671fa3835,user,IT,+33671436848,Nice,True,False,False,2021-02-03,2023-03-11
521,NX00521,alice.mathieu,Alice,Mathieu,alice.mathieu@nexlink.fr,Admin808*,a6b944f7bdff8679673432546a3e53a9,c078e31712baf24c7e6311779fb17a6ac7a3d656d2f9749479591489bd4a4dec,1da1c1d2de6720ec,user,Sales,+33672482955,Lille,False,True,False,2019-10-07,2023-02-26
522,NX00522,axel.henry,Axel,Henry,axel.henry@nexlink.fr,P@ssw0rd30,d5643c8b1dfce1edcd18f54328570192,803f0f80d1475710865d86446184dfd1482159ea2b5ae285a9fb5d97fdcf72e9,14f4e09556afb999,user,R&D,+33621606388,Strasbourg,False,True,True,2022-02-06,2023-04-28
523,NX00523,fanny.picard,Fanny,Picard,fanny.picard@nexlink.fr,Nexlink1237!,e597a41a2e501ec3ef0b57f7a91b1619,e8508e2b686a80b94d03f98a0972cf8a176235f30eb933bced6b033b74469d28,950d38d1db08bd26,manager,Accounting,+33653928918,Strasbourg,True,False,False,2020-05-20,2023-05-07
524,NX00524,louis.richard,Louis,Richard,louis.richard@nexlink.fr,monkey74,c78bc1461b5971ebd2a911c68bdb7cdb,e25bab3d6ef3539eefa2f14c1874a82b0f31ff106f274d55d0bfbce0e85db10d,264d147895a35730,user,IT,+33674326441,Rouen,True,True,False,2021-12-23,2023-07-21
525,NX00525,francois.pires,François,Pires,francois.pires@nexlink.fr,shadow62,4cdd862b698972eb0663aeaf72a7aa4d,40f01e659867480d855cbb32c64e3cc8ba94f541873fee807ac28eb6be4bc848,cf479266ce409c9b,user,Finance,+33642086411,Montpellier,True,True,False,2021-01-04,2023-06-01
526,NX00526,lea.renard,Léa,Renard,lea.renard@nexlink.fr,P@ssw0rd84,27cebc01ed3a71f22aa9b1085817ebc9,85ca927e2659f847856c623cc85fab6b820ac4a0ebc19eeae0068102e86313be,ea2a478b7d218df2,user,Legal,+33664406548,Marseille,True,False,False,2021-08-07,2023-03-12
527,NX00527,robin.moreau,Robin,Moreau,robin.moreau@nexlink.fr,shadowtest68,a1819d2dc2ea515b0520608bba7c5d55,c4d5f65dde8a71cc9f2bf67a8b6e007ff7e7b1cebbeaed233c89324e3cad2bc6,7bdeabf7a81f4c6f,user,Sales,+33692208524,Grenoble,True,False,False,2021-05-22,2023-05-19
528,NX00528,helene.durand,Hélène,Durand,helene.durand@nexlink.fr,P@ssw0rd96,144afaa8f0e0da253b49bf5c68b1ca71,a9561e4b04f3716d3a666df26c9079071ab36d6b30add3fca615ca6f194db5b5,94815a3b19ce949a,user,Security,+33661399349,Nantes,False,False,False,2019-04-16,2023-02-26
529,NX00529,ines.andre,Inès,André,ines.andre@nexlink.fr,P@ssw0rd18,2063f7bd484726d301d23229fa214119,0449675df58649355d66e737f237989ff2709e539707126cb7ba31b244066715,6e012c57adc2aab1,admin,Accounting,+33654953500,Bordeaux,True,False,False,2020-02-24,2023-03-12
530,NX00530,thibault.francois,Thibault,François,thibault.francois2@nexlink.fr,Nexlink6778!,9607834f558309b9fbabe63c7abf6aee,ac1c675c474af4c37fe8715622f8c8ab4d0cc9febe192e36597d21458d045898,94aac84e31830a9b,user,Operations,+33647197817,Paris,True,True,False,2022-10-25,2023-08-05
531,NX00531,nathalie.meyer,Nathalie,Meyer,nathalie.meyer@nexlink.fr,P@ssw0rd25,87e6d56ce79af90dbe07d387d3d0579e,2f7afeac9fcc15dc73606d2ace62966b7437d1720cc76ceae2839afab61928b4,a809025a9d4a0984,manager,Accounting,+33681518649,Saint-Étienne,True,True,True,2021-12-25,2023-12-14
532,NX00532,estelle.leroy,Estelle,Leroy,estelle.leroy@nexlink.fr,Dragon189!,57ea3e3a79dbc801c7c63d831ce53fd9,5d63fbabd8e9c4d24526bf29bfe8c98300fd2eb6941d13e8ab26129915891523,dd68237cb75ca498,manager,Security,+33620327693,Lyon,True,True,False,2020-01-02,2023-05-28
533,NX00533,remi.fournier,Rémi,Fournier,remi.fournier@nexlink.fr,Sunshine742!,de5e6317d69ac269d37c4b70169b3d08,d76bfd64522db42f6bb10ecc184170416380f8b2e864eb910ee84d0e1c2f5c2e,d6f8d97f7beaae45,user,IT,+33627720413,Lille,True,True,False,2022-10-29,2023-10-05
534,NX00534,vincent.mercier,Vincent,Mercier,vincent.mercier@nexlink.fr,nexlink39,4390999653236585a294a3766752f22d,5919fa98f0cc957437d4a288da16ad989b9f146dcd915cc34df484b4b81a2d3c,97a401bbec5979bb,admin,Management,+33687672417,Nantes,True,True,True,2020-11-18,2023-07-30
535,NX00535,zoe.roussel,Zoé,Roussel,zoe.roussel@nexlink.fr,P@ssw0rd26,26fdbef822def184c2b912b95a0d4011,aeacaadbd8336971a3becbea52bde0f1a3c3f60e80830cc214c0ae47d5283f5a,c7586094fa8bb270,user,Finance,+33674994010,Nantes,True,True,False,2020-06-16,2023-04-27
536,NX00536,marine.renard,Marine,Renard,marine.renard@nexlink.fr,Iloveyou264*,82e912fae78672b062dca280fab2f224,2fef63817234e6234b3e9eff8f3be96e88b536495d169917409b92d2cade7446,ffc54f777cb6e555,user,Finance,+33699436783,Rouen,True,True,False,2019-12-26,2023-12-29
537,NX00537,julien.perrin,Julien,Perrin,julien.perrin@nexlink.fr,P@ssw0rd26,26fdbef822def184c2b912b95a0d4011,a4a38e532fa899e587e962d95c7a9681cdce2d1a1b1bd0f5dee10a497fcefcb9,944477a0cba2ff60,manager,Sales,+33637535486,Grenoble,True,False,False,2021-01-27,2023-04-05
538,NX00538,manon.fontaine,Manon,Fontaine,manon.fontaine@nexlink.fr,master202269,b6e3136a83f66790b849588664858ab6,d702653e3afed22c44ddfe3420f3813d912065ca96461f1000934c0ba79090b9,f83941761e83474e,user,Marketing,+33677030603,Rouen,True,True,False,2019-02-21,2023-07-27
539,NX00539,thomas.riviere,Thomas,Rivière,thomas.riviere@nexlink.fr,P@ssw0rd52,555070371156cbfa2bbb39141c1bf602,d7e40dbe9fa1052184a20fccf877c3b3ed810299b6575a1442223d53c999ca79,0b54c0499500ce72,user,Legal,+33699508156,Marseille,False,True,True,2020-08-16,2023-10-21
540,NX00540,jeremy.bourgeois,Jérémy,Bourgeois,jeremy.bourgeois@nexlink.fr,202396,ce73a3fa8cf6f25b8360f253a0aecf98,bc78e43dd710199477025927eb366388815b210caa48def6db5efa15f60db000,77ba955c177a9a83,admin,Marketing,+33663905855,Rennes,True,True,False,2020-09-22,2023-01-13
541,NX00541,arthur.durand,Arthur,Durand,arthur.durand@nexlink.fr,P@ssw0rd92,68abebad17acd20b8bb38abf8db4fa67,9968d36e3e182d79447425a6c1ebc2bf928513dce41471d8b24e3910969f7205,89fec1e126eb9a11,user,R&D,+33647302753,Bordeaux,True,True,True,2021-12-14,2023-04-24
542,NX00542,delphine.laurent,Delphine,Laurent,delphine.laurent@nexlink.fr,P@ssw0rd60,1a14c61d4d6498b322ad358f74205377,d61079f9416b876f2a67ca566aad862624be745cd51856e99a436c0350273e12,fa27e44b41a5916d,user,Legal,+33691212170,Grenoble,True,False,False,2020-10-12,2023-11-05
543,NX00543,manon.boyer,Manon,Boyer,manon.boyer@nexlink.fr,Nexlink7326!,53c85300d7672775ec6a8a57aaa1a9ca,45afb56bef602a4eacb6bf85baf7f93dd11cafc2df48402e4d291ec1c85913bc,b6426ae9721ba81a,user,Engineering,+33657158074,Toulouse,False,False,False,2020-08-05,2023-06-26
544,NX00544,jeremy.lemaire,Jérémy,Lemaire,jeremy.lemaire@nexlink.fr,footballdragon37,3537aa4051cfa1342643d959e1e6b7c0,09419172057e64c58354a3ea5fb82ffc84c79d99f25434e60f490a52ecdfd970,3f61da28490bc938,user,Communication,+33628732457,Reims,True,True,False,2021-05-18,2023-08-01
545,NX00545,amelie.noel,Amélie,Noel,amelie.noel@nexlink.fr,Nexlink2083!,19ff3b37416c8e07fc1b137b42ba76fc,5979f5fcaa5dd8385a3daf384906ddaf6d2e40f4b6c51011658cb1897378e464,0fedbd497d2617c7,manager,Marketing,+33695739089,Saint-Étienne,True,True,False,2019-01-14,2023-07-29
546,NX00546,laure.adam,Laure,Adam,laure.adam@nexlink.fr,Secur290$,225b77f80ec31d08e48b6a767b2185a4,a01581f0e6979665b2094fbbf041e1f6555aa3b333612b911453baad9f204bdb,f7120833ec003e96,user,Operations,+33650532800,Reims,True,True,True,2021-10-01,2023-01-22
547,NX00547,amandine.thomas,Amandine,Thomas,amandine.thomas@nexlink.fr,202343,c332e6e00adeb1bf53fb86e2cc5305d9,f32e1ad6930d3625f823c293b57e563b96f4203377fabe03617a0562b9d3e238,e89be4379af30500,user,Management,+33626666744,Montpellier,True,True,False,2022-07-27,2023-08-30
548,NX00548,audrey.garnier,Audrey,Garnier,audrey.garnier@nexlink.fr,login45,f4105f8ebaad750fff2bedbe2b5505b0,1969c821dbcfc15e8ed7523ebe574ad6a7a5da8ffed52e5efa06a7322c5c20d0,57db087c52db861d,manager,Marketing,+33687989327,Lille,False,True,True,2022-05-11,2023-07-05
549,NX00549,audrey.david,Audrey,David,audrey.david@nexlink.fr,Nexlink9397!,1077fa67d027c7ad00717b54a742727b,a94d8131a8f060e4bb0bb9629b2a5c0170de3a9c99d2b081a02c6dd8aa9fdb6c,2272a8d51e44df1c,user,Logistics,+33688068345,Paris,True,True,False,2020-06-15,2023-03-25
550,NX00550,baptiste.morel,Baptiste,Morel,baptiste.morel@nexlink.fr,12356,7cec85c75537840dad40251576e5b757,4afb8445492f3f7c26bfac715177919be789aaf59a17a8aee7757165a8830048,faaf65e9cc3ef8c5,manager,Management,+33648903840,Toulouse,True,False,False,2020-12-30,2023-01-25
551,NX00551,thibault.lefebvre,Thibault,Lefebvre,thibault.lefebvre@nexlink.fr,P@ssw0rd31,ba0e1873c584c3a8a2c2c75ee78191b6,59f9c32c6ffcf363ccf2f520c78efe036fc97eb838367eeb698e8231df42043b,bf37d1d8db0e4f73,admin,Support,+33650409241,Toulouse,True,True,True,2020-10-09,2023-12-17
552,NX00552,nadege.vincent,Nadège,Vincent,nadege.vincent@nexlink.fr,202376,7bdc742ec602f73d298ea95fc21d40d3,c1cf39204e933681e618d12c457141377d6f5cec5564dac0a2f0f01283c5829a,c358ccb733773392,user,Support,+33655676049,Saint-Étienne,True,True,False,2021-09-20,2023-07-30
553,NX00553,yann.francois,Yann,François,yann.francois@nexlink.fr,Football672*,2e89f68111f0b991ccd61ae1fbf4f8f2,89cb924cd8e54b47394ec133e6c09693d769625a836d2132ff0a34063f57a961,6a26ed1ea10c43fc,admin,Logistics,+33683969111,Nice,True,True,False,2021-12-25,2023-12-31
554,NX00554,christophe.bertrand,Christophe,Bertrand,christophe.bertrand@nexlink.fr,monkey54,b43bfa17bb0cc726664b8c8a7c34d7ca,abaaffaa1db3ea385330ef2fdf31aa0ecd22edc3b726b085e83ac35598d745f9,47e00bfa8317f75c,user,Accounting,+33669315901,Saint-Étienne,True,True,True,2021-01-12,2023-03-13
555,NX00555,julie.david,Julie,David,julie.david@nexlink.fr,2023977@,58e1dd635b92923ce25a97717ca3d67a,6102a1fe9f5d3a45426affdda87299ea91a2c47842793998a1c2a1d3fe19d278,1885f84c641a45e4,user,Sales,+33627477597,Lyon,False,False,False,2019-09-14,2023-04-18
556,NX00556,nicolas.bourgeois,Nicolas,Bourgeois,nicolas.bourgeois@nexlink.fr,adminsecur14,4c8f3416975bceb19ac79008d37d701d,593e6c30ac60214264684dc9fd56c30a5d5468a9a34a4c7d06cd0b7bb3b5aae6,060d3eacc5f37bea,user,Communication,+33689614758,Paris,False,True,False,2022-09-13,2023-09-20
557,NX00557,antoine.roussel,Antoine,Roussel,antoine.roussel@nexlink.fr,michael22,929e17553a115fde9611762ba6fc1f76,f20f566a9f1c74f9c9ff1e3100590859fb2a6d553498ae4f87204eed84de0432,16f71e300f44cdda,user,Security,+33688866745,Saint-Étienne,True,True,True,2022-05-17,2023-04-16
558,NX00558,julie.laurent,Julie,Laurent,julie.laurent@nexlink.fr,Superman384*,9360b54a2fdd72a512882aef272276fc,2b931f255e3ab6c611b0b108791e61911d489abd1f4572d09a0327c0cc2bb0db,7b89932207fcd811,user,Support,+33692269619,Bordeaux,True,True,True,2019-11-25,2023-09-14
559,NX00559,etienne.bonnet,Étienne,Bonnet,etienne.bonnet@nexlink.fr,Pass275*,4dec3a4a1f4076b35a943e4720ee6240,da9b8246bf78e4b4c43a12bc42cdd30c58c44d5cecbaf27a28571bb91783a6f5,26928dbdade16315,user,Accounting,+33677671943,Reims,False,True,True,2019-07-22,2023-04-20
560,NX00560,florian.michel,Florian,Michel,florian.michel2@nexlink.fr,Baseball463$,24cb5f151dd1267984ddc23612021ca0,ae5b07530ae561af1b950e05afc4b9129091cb98e979a3f8ab2f06fcadb899f4,d33c1a9f9696095e,manager,HR,+33664704189,Lyon,True,True,False,2021-11-19,2023-04-27
561,NX00561,etienne.roux,Étienne,Roux,etienne.roux@nexlink.fr,michaelqwerty91,5d07ccf0c41e7822fae2ba02a6a488c6,daa59e4aeab90288369c860439e5d5ee185dbf9496987dc45f3d2e5add6ffa7f,d4440c65bddf3da7,user,Operations,+33654038904,Lille,True,True,False,2019-03-25,2023-02-12
562,NX00562,caroline.nicolas,Caroline,Nicolas,caroline.nicolas@nexlink.fr,usermaster53,2ce5e894b0ed5af51767bf0bea99d861,f03bb5154c5386ef6916b58a67e28657cf303015d4266c98ac64c3cf31aaf18d,26d3532274f49571,user,Logistics,+33619342782,Saint-Étienne,False,False,False,2021-05-26,2023-04-07
563,NX00563,thomas.roy,Thomas,Roy,thomas.roy@nexlink.fr,letmein66,4875bc54bf6305c041f7712553ba6105,b19406ddcf6483b0e10c0187e13eec4c1d7188b14839b073fdd9a70bb0f698d8,b4926804e3a2919c,admin,Management,+33626001148,Marseille,False,True,True,2022-10-17,2023-02-13
564,NX00564,gauthier.girard,Gauthier,Girard,gauthier.girard@nexlink.fr,qwerty35,d3d8486a0ece4ffcf9f3948120957752,0f383d48bdc0eb5a3894fc4ed01dd080ecf8db8788d7f484a44ba415a3c356ff,1d574254809f0841,user,HR,+33626476859,Bordeaux,False,False,False,2022-05-03,2023-07-26
565,NX00565,christine.aubert,Christine,Aubert,christine.aubert@nexlink.fr,P@ssw0rd44,5a34d13fc77583d785709913efc8ef01,3c6e037fd67e6b1f5b550c350e60332404575cbc587beac29e3abece6e61f102,0c3ff25817f5ec92,manager,Support,+33690955493,Strasbourg,False,False,False,2021-09-01,2023-12-08
566,NX00566,arnaud.renard,Arnaud,Renard,arnaud.renard@nexlink.fr,login42,3bdec7b307420b8ca6963013cd0f7c88,45945163dbdce591dccfe7998e0caaf6e2d45d8d8e649f132187d7b1e679372c,c1398de7d1a8f736,manager,Legal,+33628066831,Paris,True,False,False,2020-04-17,2023-11-18
567,NX00567,remi.thomas,Rémi,Thomas,remi.thomas@nexlink.fr,Letmein719#,c398df391517f5a39271a6998254ebee,1c7de9f9a3946a59bce59983a963ca9f5c2aaa44d319c450b1d57118a4635e6e,f49eee7d59d217f7,user,Sales,+33622929680,Rouen,True,False,True,2022-06-27,2023-11-16
568,NX00568,noemie.picard,Noémie,Picard,noemie.picard@nexlink.fr,Pass777$,94c1a30a2a793e5921947772721ab684,0ca5543334468aadd0e1b5d4b0620bfe3ef7882715b75f24d3c27132f9515f53,faeec4138713454d,manager,Operations,+33656119311,Rouen,True,True,False,2020-06-19,2023-10-05
569,NX00569,theo.lecomte,Théo,Lecomte,theo.lecomte@nexlink.fr,Nexlink7165!,22e91c207b88ca351f1743bdc3a939f3,1e04953218b5a0f58e714e65bc82d70122d4fd16261fa866440768cf16613b74,024cf4aed0d8f8ff,manager,Legal,+33633738978,Grenoble,True,False,False,2019-03-15,2023-01-17
570,NX00570,mathilde.roux,Mathilde,Roux,mathilde.roux@nexlink.fr,Nexlink7374!,8f451473f03334fa83b7506abf4f9e60,5ffa5426f19387883b8d26542778308f83bf90cec810652336b75bc25809f77d,4a721898e63bbf9c,manager,Communication,+33675841004,Montpellier,False,True,True,2019-08-13,2023-10-19
571,NX00571,yann.durand,Yann,Durand,yann.durand@nexlink.fr,123monkey76,9f327a4b1a872f45faa6b09b1b193f2a,4a87a35f0d466259c838949caec807974f4d3e29f96e162c56350dd3ee2e9fe9,01abdea681530c57,manager,R&D,+33648176560,Nantes,True,True,True,2022-10-17,2023-06-30
572,NX00572,sebastien.lopez,Sébastien,Lopez,sebastien.lopez@nexlink.fr,Nexlink1440!,060b62e4a9f5e8ed437d21788bfe31a0,e5f2c41dc022f1701e37cd27fc0d88cb52ba7f75f475baa6be95ea082ed9d8bc,30c7c14fa02dffde,user,IT,+33656324312,Nantes,False,True,False,2019-07-19,2023-08-08
573,NX00573,benjamin.legrand,Benjamin,Legrand,benjamin.legrand@nexlink.fr,Nexlink2391!,36643673a260804e479beca068fca081,cee8f8bc5c1322918bd960480f9b436db09408c7843ecb3cad399426e714c338,1ca9a01f150e6702,user,Logistics,+33655311134,Marseille,True,False,False,2020-09-16,2023-02-28
574,NX00574,adrien.boyer,Adrien,Boyer,adrien.boyer@nexlink.fr,P@ssw0rd75,c941a6453c808c259db3ecf6d253be92,0e78553489871bfbeebdd9f1ec66c75ce2e7dbc9a32fc3d798fad1b0647fee6b,8bf87e39b32fd2a9,manager,Sales,+33673042053,Rennes,True,True,False,2019-02-11,2023-12-23
575,NX00575,elisa.leclerc,Élisa,Leclerc,elisa.leclerc@nexlink.fr,football72,a12ec6a456e05d1c0e8e9fa05f27db43,0a36d2cc4a13af4c0c9fec11c8e8e4c40e1a114ab36bb8ed4ccdc9bdc4f733fa,eaae503cff92040c,user,Accounting,+33655092789,Lille,True,True,True,2022-10-14,2023-04-16
576,NX00576,ines.denis,Inès,Denis,ines.denis@nexlink.fr,Monkey750!,4cdc246195dcf1d74d519861e67cb0ff,13b87b2ea2593f1a05f4ccd91366bf4df14b5accf4e64cd31ca9394bafecb915,ac5814f6e02c6b6c,admin,HR,+33616379551,Toulouse,False,True,True,2020-08-11,2023-05-16
577,NX00577,damien.aubert,Damien,Aubert,damien.aubert@nexlink.fr,access53,ad3bfba70172ca92bd546c198e1759d5,cdbf5e9b50e2a7550b105ecfab87b94f1712d92c3f0efecf6e6801ef07ab08dc,c0a8c42cb11f35b6,user,Marketing,+33673789440,Strasbourg,True,True,False,2022-03-06,2023-09-29
578,NX00578,catherine.roussel,Catherine,Roussel,catherine.roussel@nexlink.fr,trustno1master41,ae87cbf2df2bf3207db438fe5da108a5,000fae2760cc939c37830e8da9738647d3f2c04c222e5113ce4ee31d58f7f85d,7aa9ba85aeb44f3a,user,IT,+33693881231,Grenoble,False,False,True,2021-04-03,2023-05-09
579,NX00579,axel.dubois,Axel,Dubois,axel.dubois@nexlink.fr,P@ssw0rd33,99a7d850a11b1717bddaf9962d4b7618,bd6a528de0e38d10290e406578f1e526655c8d47b6941721437068f871f2f2b7,bb053e8724b1550c,manager,HR,+33645961754,Saint-Étienne,False,False,True,2022-09-15,2023-08-28
580,NX00580,etienne.dupont,Étienne,Dupont,etienne.dupont@nexlink.fr,Nexlink8577!,3042492824c14bf69e228fde67f96ef0,699c10b4f6f3ab57c24fed2056aefaf3dcd238f8c1a3e96e760659525dea3fec,aeb76b185062715a,user,HR,+33650302318,Reims,False,True,False,2019-11-05,2023-12-17
581,NX00581,jean.lambert,Jean,Lambert,jean.lambert@nexlink.fr,123baseball37,2679df8c7bf052a07e8b12dc4e2719a6,1dc798c442804f62a42459cc7fed0a05d9cb4b8c9c5f37d3e127b490dbaa02b1,2ec0e08a5eaab882,user,Sales,+33641692809,Strasbourg,True,True,False,2022-11-07,2023-11-04
582,NX00582,nicolas.garnier,Nicolas,Garnier,nicolas.garnier@nexlink.fr,Nexlink8604!,bc2109f0ee17e67f786d9b2bdfed3674,a28c99ea325920bcc21a3580a0446a9aef53998b140c94dbb0857af466e1f1c3,6e5dde08e7753359,manager,Operations,+33696828407,Saint-Étienne,True,True,False,2021-06-12,2023-08-05
583,NX00583,lucie.thomas,Lucie,Thomas,lucie.thomas@nexlink.fr,Nexlink5551!,7ec5cc2d80ce663879ffb576b2b12879,881f9e755860007350ba19fbf99f50466622ae394c2a6e629b4af96bbb7e0bfa,1cc674de3e22f65f,admin,Finance,+33675208604,Rouen,True,True,False,2022-08-12,2023-01-22
584,NX00584,caroline.roussel,Caroline,Roussel,caroline.roussel@nexlink.fr,welcome56,3b3ed12b4d4091c643cb00c6b772da42,fad5df7dc875f2f5e721bfefd71283fcc8623ddf858fcc6110d05db2127d6cba,df13d54a53f3f778,user,IT,+33625023307,Rennes,True,False,True,2019-10-15,2023-05-01
585,NX00585,nathalie.laurent,Nathalie,Laurent,nathalie.laurent@nexlink.fr,Iloveyou225#,e39ea5b5ab3ce1b3338499a8aef51161,bd98eba8db255fa98ee5bf95a355095c5ec19e6916bcea1f0b222d91f61c318c,abd302b074d9cd4b,user,Logistics,+33641667072,Saint-Étienne,False,True,False,2022-04-11,2023-07-19
586,NX00586,romain.bonnet,Romain,Bonnet,romain.bonnet@nexlink.fr,Nexlink8200!,5c1fb9aa8697c45cd4b85310646ee337,189db740c31f194b3f4717b5f223a57a2679d6cbbde8c102cf62c09dd9c4a01e,15d07be22bbdb346,manager,Sales,+33675814814,Grenoble,True,False,False,2022-04-22,2023-01-29
587,NX00587,isabelle.boyer,Isabelle,Boyer,isabelle.boyer2@nexlink.fr,trustno1user36,7c18e492f0e3dcc1c04a132973de24a1,cfbd719b8b2aa4d6b667cab3c8056ff1fd72541df50d3918fae55873977f3b77,8f38ff30815a2f27,user,Support,+33651362065,Paris,True,False,True,2021-08-31,2023-07-08
588,NX00588,kevin.legrand,Kevin,Legrand,kevin.legrand@nexlink.fr,Nexlink7302!,d8c8ac414c683ce857d3176d234331b8,bb88bf5d2ca95ae591b60f337308ed49bd66df22fe917b12391cadebc953752c,825ab067e1e867c3,user,Management,+33626381779,Grenoble,True,True,False,2022-12-05,2023-07-05
589,NX00589,jeremy.masson,Jérémy,Masson,jeremy.masson@nexlink.fr,Nexlink5929!,b4047b1d153e079c7ca96549ff3a0dde,e54e886ac3579d3dd0a76bd9c76861e76ad936b24af9a19302e83ee11543cbd1,45cda68c9fa75ce8,user,Security,+33638237596,Reims,True,True,True,2020-04-27,2023-06-02
590,NX00590,estelle.gerard,Estelle,Gerard,estelle.gerard@nexlink.fr,12320,0c620bcfc2a979fe9f22acbe0019f276,a7c68cd5ec276028cd3158c8c27ca7f95d040a00c5c0031accc824ecab200b02,4efc3b12e9df187b,manager,Legal,+33666689004,Saint-Étienne,True,True,True,2021-04-25,2023-06-20
591,NX00591,catherine.leroy,Catherine,Leroy,catherine.leroy@nexlink.fr,Nexlink7895!,38b3dc06bd21f942512f1d02b23c3b44,205f10dca58ad1156cabd1bb458adba1036ad4ed30eb9b3ccf43b8a45baf6729,e4a61de34729e836,admin,Accounting,+33613670974,Rouen,True,False,True,2020-10-31,2023-08-21
592,NX00592,jean.lemaire,Jean,Lemaire,jean.lemaire@nexlink.fr,Nexlink510@,bbe867c7c692562b0dd5550ecafd48c4,a313f5ca4d5f1b88a3ae3eaaf529c7c0f26fc9a8ec6bea87b710dc7f176fd96a,86f90c2b459acbb9,user,Support,+33624875109,Marseille,True,False,True,2022-03-25,2023-02-12
593,NX00593,corentin.bruneau,Corentin,Bruneau,corentin.bruneau@nexlink.fr,footballtest58,24127072803c2266377c8d83487f534b,95aa64954adac1dfef622a01b2f486c79cf0d4436dfebc16fc17db8474a89393,800d4165017a8be2,manager,Logistics,+33633283960,Montpellier,True,True,False,2019-10-01,2023-05-14
594,NX00594,louis.fontaine,Louis,Fontaine,louis.fontaine@nexlink.fr,Letmein997$,8278cfff321162394f3ce777097183cd,6750918535fed27e4692eea9c6b6bb8ec1d51ae09767c134c850514b2272ddab,8324205d7d181e66,user,Engineering,+33696853189,Rennes,True,True,False,2019-02-17,2023-10-13
595,NX00595,alexis.girard,Alexis,Girard,alexis.girard2@nexlink.fr,letmein89,a3194b5098c1c7483b3b5e75084c6ba7,346d9160a25798b37350dc231476dabb4afd4b37095b9cbe1fdd84ad74d77394,c40c7d6b79a2819d,manager,R&D,+33621953600,Nantes,True,False,False,2020-06-16,2023-03-18
596,NX00596,damien.noel,Damien,Noel,damien.noel@nexlink.fr,michaeldragon87,978dd25809cf3319493ca31a0797e4b9,e0e0ce30fdae77070dea2def6b80a7dc80ff169bcf4ac1f9cc3db03c26e7f37d,e0f25901278f70eb,manager,Marketing,+33635574404,Reims,True,True,True,2020-04-04,2023-04-15
597,NX00597,jade.bertrand,Jade,Bertrand,jade.bertrand@nexlink.fr,securiloveyou28,510d8b895070865ae84dd154ada0c0f1,4230d1863d849db55999063971c3d0310e2bd790371def7e8a0ccece8e8e9591,8efafcafd80a43dd,user,Accounting,+33666147435,Marseille,False,True,False,2022-10-18,2023-04-07
598,NX00598,emilie.legrand,Émilie,Legrand,emilie.legrand@nexlink.fr,P@ssw0rd67,32f10a0510b244ae2a24bb9f87f0a11b,ad35042d51028d144d19a377b872cef42e98776fa746d0f6efae63c3fa028468,a2e728bef534d47e,user,Support,+33696870487,Lille,True,True,False,2022-04-08,2023-12-17
599,NX00599,robin.morin,Robin,Morin,robin.morin@nexlink.fr,trustno1secur92,9ea4096d2dca16a2c6fa443405c63baa,5ec761ba04b14539d58ed2159e77dd92918300f38a09ace4a7ac3727a34fb959,455dcc93adc430c5,manager,Accounting,+33644390017,Lyon,True,False,False,2021-05-16,2023-11-02
600,NX00600,hugo.legrand,Hugo,Legrand,hugo.legrand@nexlink.fr,qwertyiloveyou86,b65f6891f4d01d5b0c7eb449ada12dd0,c2bc0fd208ed6bf7dfd6a03ee496a2fccbfc409c8772b8521b0354b521c97871,6f4d0e6e08427577,user,Engineering,+33693169072,Strasbourg,True,True,True,2020-06-03,2023-09-16
601,NX00601,lucie.pires,Lucie,Pires,lucie.pires@nexlink.fr,access32,6102ba8bc57f61751be0f0029f25632e,c192550a1b97655bfb85401b1efca1d18f124440440a4db2ffaa9af371fb1655,fdcb884a763ccbc9,user,Finance,+33655523530,Saint-Étienne,False,True,False,2021-10-28,2023-09-10
602,NX00602,laure.noel,Laure,Noel,laure.noel@nexlink.fr,202312315,cdd89b747d09834b89e411c9eb1fd4b2,95113e167dadb8f07de4e0a5442c7a0a0f4909e3f6a03b2376b517f53cebe877,a76d42148790f5da,user,Engineering,+33647715268,Nice,True,True,False,2019-09-19,2023-09-13
603,NX00603,stephanie.rousseau,Stéphanie,Rousseau,stephanie.rousseau@nexlink.fr,P@ssw0rd50,88ea36648f6ea7dca34cf25713a265c1,1e0cd284523990b565068fedc44887e7bb92b2b469e5bb044f4dd09a7eeaac43,9abbc5d87eb951b0,manager,Security,+33675937784,Rouen,True,False,True,2019-12-04,2023-06-11
604,NX00604,camille.mercier,Camille,Mercier,camille.mercier@nexlink.fr,Admin335@,e618a5e37b1cecfb93ae7a2ea84b406d,5bd9fed94efaf042b0c258755f8e089e082ea3ea66efa392892468a295947be1,7ab2acd7457b1f25,user,Legal,+33672697508,Strasbourg,True,True,False,2020-06-16,2023-03-25
605,NX00605,clara.pires,Clara,Pires,clara.pires@nexlink.fr,dragonmonkey15,970e9e68144fa4d3748e513e00cb6c89,58ab146929f4c804e7083baa2c2745b9a360d966fc05c607c6dd8fedee6cc1eb,605154d2d44c5185,user,Marketing,+33637344675,Reims,True,True,False,2020-12-16,2023-02-17
606,NX00606,sandrine.aubert,Sandrine,Aubert,sandrine.aubert@nexlink.fr,Access104*,524a07ae40079fc537cf718340c143c5,70420c6816f4caf76966e06a85ce50c988c9c4fb81328ebbd27225e0e65a537b,71c52c5c51993aeb,user,IT,+33676855296,Montpellier,True,True,False,2019-06-07,2023-05-07
607,NX00607,delphine.david,Delphine,David,delphine.david@nexlink.fr,qwertyaccess14,27d64baf33e83a977ce3848605e15c1d,b07f9d2fdb21f4000ce7c6d2491f4e6b139519f12575e1c04b41657a36f56e4f,2054d741a90c1601,user,Finance,+33671771451,Reims,False,True,True,2019-03-01,2023-02-11
608,NX00608,caroline.martin,Caroline,Martin,caroline.martin@nexlink.fr,Nexlink1718!,3d275918dd7a3e781dcf78446af6132b,677241ba87bba366d73c2a25ff9b906400834a62bf53624d874a220fdb9cf393,355299f4fb7d8693,manager,Support,+33638369179,Reims,True,False,False,2022-03-11,2023-03-08
609,NX00609,estelle.durand,Estelle,Durand,estelle.durand@nexlink.fr,master87,4e5999aa373218dfabac99eb094f016d,4f0706db5f272fdbda9035ea86a7f7567727d1cf916ffe80d6700e681d9c413b,cf884e794d44815a,manager,Marketing,+33633892205,Bordeaux,False,True,False,2021-03-27,2023-05-11
610,NX00610,laurent.robin,Laurent,Robin,laurent.robin2@nexlink.fr,passabc12397,535d7933a66442b815cac7603fa13b2f,9ee2b6bd473ed4b142d7dd0882665465b7ce6dfa8a837d4ef2dbfbdde7d32b47,99278f5e40e3e2a7,user,Marketing,+33668030164,Nice,True,False,True,2020-09-03,2023-09-09
611,NX00611,baptiste.lefebvre,Baptiste,Lefebvre,baptiste.lefebvre@nexlink.fr,Nexlink9399!,44473da64388e9d4c214e6b9e35c91c1,2a8a4966f1156cd4ef304ea0485c8b1055d88cac00f5a7f400fc58550f6d68e5,01f6ef2992999141,user,Legal,+33673946652,Toulouse,False,True,False,2021-07-01,2023-07-18
612,NX00612,stephanie.lefevre,Stéphanie,Lefèvre,stephanie.lefevre2@nexlink.fr,abc123welcome12,7babad1e8c3b599c796c68e0a71b9e7e,1e9c5c3660cd29adcf5b5f7478bc014d53e81383c75a6053872ec94708626397,ddd8a760c2861e06,user,Operations,+33640095669,Montpellier,True,True,True,2020-11-30,2023-08-26
613,NX00613,vincent.picard,Vincent,Picard,vincent.picard@nexlink.fr,passwordfootball62,a5dc339c1c4a0eff268af71c44fe6314,ca8724e4b8e7344204e8f551c204744551abff34e45accd4e6296f6a60e416bf,10e67d5a3d90cf1f,user,Finance,+33650320166,Reims,True,False,False,2019-09-19,2023-12-17
614,NX00614,sandrine.petit,Sandrine,Petit,sandrine.petit@nexlink.fr,P@ssw0rd19,cd48e25fd12915aae0e187c73eca5ea0,ecb997abad0045bc3794782a2b45003fdc4a6892d7637e071a582d3fd0a29375,aa0d49ec50332a2d,user,Operations,+33667030927,Strasbourg,True,True,True,2019-08-09,2023-09-19
615,NX00615,clara.faure,Clara,Faure,clara.faure@nexlink.fr,P@ssw0rd20,633f39b25771b1fe0ddc787a57c8410b,2109631d5f848a49ba223a18acc60bce8ac1f037249708d98a118acb8d412922,1731829744f1602c,admin,Engineering,+33672126560,Marseille,True,True,False,2019-08-22,2023-12-05
616,NX00616,louis.roussel,Louis,Roussel,louis.roussel@nexlink.fr,Nexlink8454!,ebe8fc7275627ced0d952e919edc15b2,10959ec7d49a37979f679b620b31272cf0359fb30c08dac09c78397f1aa62b22,0ce7476aaf5aa024,manager,R&D,+33635124449,Bordeaux,True,True,True,2020-06-26,2023-06-24
617,NX00617,delphine.michel,Delphine,Michel,delphine.michel@nexlink.fr,masternexlink1,2c8bb05aa76737e888f95c603d5a44e1,eaef5418a45bcaeec384d71513ad7730077c21507510eecc18a31490c1875911,707c4b63aadd4bf5,manager,Marketing,+33698020116,Lille,False,False,False,2019-01-28,2023-03-29
618,NX00618,juliette.delacroix,Juliette,Delacroix,juliette.delacroix@nexlink.fr,P@ssw0rd56,2249eae896756ec7711d0ea3991eea1e,a4f0bc358a8e2498ea15218f3cd8eecc87ad1331720d0750934441c5a0e8c271,9ec32ae5e92a0b2f,manager,Communication,+33626789227,Marseille,True,True,False,2020-09-11,2023-02-14
619,NX00619,kevin.mercier,Kevin,Mercier,kevin.mercier@nexlink.fr,secur71,903c897d875eca26e7320ec07b59798b,b0adb69348c91483b58d67b008729235915874fcd67f7531163747e51b1bea21,741a7d62c29b86f0,user,Management,+33694028236,Reims,True,True,False,2020-05-10,2023-08-12
620,NX00620,manon.vidal,Manon,Vidal,manon.vidal@nexlink.fr,nexlinklogin22,8e08ca893f452bc963db6ad12f7ced44,a038370176e0861a057245dd0905e3e2d71c78e51058b3c4af05e1e5673c1463,17a583c39bb3adcd,user,Accounting,+33675101884,Lille,True,True,True,2022-12-09,2023-08-16
